매수일자,종목코드,종목명,시장,수급필터,진입가(종가),당일수익률(%),VR,10일후수익률(%),20일후수익률(%)
2025-01-02,466100,클로봇,KOSDAQ,금융투자 10D SELL,11190,14.18,4.57,5.45,30.29
2025-01-02,388720,유일로보틱스,KOSDAQ,개인 30D BUY,35000,9.2,8.14,1.0,-0.43
2025-01-02,096530,씨젠,KOSDAQ,금융투자 10D SELL,24200,7.08,4.75,2.48,-1.03
2025-01-02,096530,씨젠,KOSDAQ,연기금 30D SELL,24200,7.08,4.75,2.48,-1.03
2025-01-02,098460,고영,KOSDAQ,금융투자 10D SELL,8890,9.08,3.88,3.15,99.21
2025-01-02,466100,클로봇,KOSDAQ,개인 30D BUY,11190,14.18,4.57,5.45,30.29
2025-01-02,437730,삼현,KOSDAQ,연기금 30D SELL,10310,8.41,3.9,-2.81,26.67
2025-01-02,437730,삼현,KOSDAQ,개인 30D BUY,10310,8.41,3.9,-2.81,26.67
2025-01-02,437730,삼현,KOSDAQ,금융투자 10D SELL,10310,8.41,3.9,-2.81,26.67
2025-01-02,090360,로보스타,KOSDAQ,개인 30D BUY,25900,8.37,11.15,2.32,14.67
2025-01-02,098460,고영,KOSDAQ,개인 30D BUY,8890,9.08,3.88,3.15,99.21
2025-01-03,336570,원텍,KOSDAQ,연기금 30D SELL,5330,12.68,3.82,11.63,0.19
2025-01-03,336570,원텍,KOSDAQ,금융투자 10D SELL,5330,12.68,3.82,11.63,0.19
2025-01-03,336570,원텍,KOSDAQ,개인 30D BUY,5330,12.68,3.82,11.63,0.19
2025-01-03,095610,테스,KOSDAQ,금융투자 10D SELL,16400,7.75,4.55,12.26,36.28
2025-01-03,214370,케어젠,KOSDAQ,연기금 30D SELL,31750,6.54,3.12,-9.45,6.93
2025-01-06,102710,이엔에프테크놀로지,KOSDAQ,연기금 30D SELL,18790,9.12,4.15,11.5,26.4
2025-01-06,102710,이엔에프테크놀로지,KOSDAQ,개인 30D BUY,18790,9.12,4.15,11.5,26.4
2025-01-06,067310,하나마이크론,KOSDAQ,금융투자 10D SELL,11100,12.46,6.09,-3.96,-0.18
2025-01-06,067310,하나마이크론,KOSDAQ,연기금 30D SELL,11100,12.46,6.09,-3.96,-0.18
2025-01-06,319660,피에스케이,KOSDAQ,금융투자 10D SELL,19070,7.56,3.06,-0.37,1.42
2025-01-06,096530,씨젠,KOSDAQ,개인 30D BUY,27850,13.67,10.64,-13.29,-16.88
2025-01-06,096530,씨젠,KOSDAQ,금융투자 10D SELL,27850,13.67,10.64,-13.29,-16.88
2025-01-08,161580,필옵틱스,KOSDAQ,개인 30D BUY,22900,10.1,3.52,36.24,106.77
2025-01-08,036810,에프에스티,KOSDAQ,금융투자 10D SELL,18167,9.57,4.23,2.62,9.06
2025-01-08,067310,하나마이크론,KOSDAQ,금융투자 10D SELL,11470,7.4,3.48,-3.49,0.26
2025-01-08,161580,필옵틱스,KOSDAQ,금융투자 10D SELL,22900,10.1,3.52,36.24,106.77
2025-01-08,183300,코미코,KOSDAQ,연기금 30D SELL,43100,12.53,4.35,-1.28,2.44
2025-01-08,161580,필옵틱스,KOSDAQ,연기금 30D SELL,22900,10.1,3.52,36.24,106.77
2025-01-08,036810,에프에스티,KOSDAQ,연기금 30D SELL,18167,9.57,4.23,2.62,9.06
2025-01-08,166090,하나머티리얼즈,KOSDAQ,금융투자 10D SELL,27200,10.12,3.02,-1.84,7.35
2025-01-08,232140,와이씨,KOSDAQ,개인 30D BUY,12250,14.49,5.11,-1.96,-3.35
2025-01-08,232140,와이씨,KOSDAQ,금융투자 10D SELL,12250,14.49,5.11,-1.96,-3.35
2025-01-08,183300,코미코,KOSDAQ,개인 30D BUY,43100,12.53,4.35,-1.28,2.44
2025-01-08,183300,코미코,KOSDAQ,금융투자 10D SELL,43100,12.53,4.35,-1.28,2.44
2025-01-09,388720,유일로보틱스,KOSDAQ,개인 30D BUY,35700,5.0,3.82,-8.26,29.55
2025-01-09,323280,태성,KOSDAQ,개인 30D BUY,28650,9.14,3.96,16.06,9.77
2025-01-09,323280,태성,KOSDAQ,금융투자 10D SELL,28650,9.14,3.96,16.06,9.77
2025-01-10,437730,삼현,KOSDAQ,금융투자 10D SELL,10410,10.39,4.72,7.11,27.95
2025-01-10,437730,삼현,KOSDAQ,연기금 30D SELL,10410,10.39,4.72,7.11,27.95
2025-01-10,437730,삼현,KOSDAQ,개인 30D BUY,10410,10.39,4.72,7.11,27.95
2025-01-13,336570,원텍,KOSDAQ,개인 30D BUY,5840,8.96,3.72,-5.31,3.08
2025-01-13,115180,큐리언트,KOSDAQ,연기금 30D SELL,5180,7.92,5.48,-4.44,-2.51
2025-01-13,115180,큐리언트,KOSDAQ,금융투자 10D SELL,5180,7.92,5.48,-4.44,-2.51
2025-01-13,336570,원텍,KOSDAQ,금융투자 10D SELL,5840,8.96,3.72,-5.31,3.08
2025-01-14,060280,큐렉소,KOSDAQ,개인 30D BUY,8700,18.05,13.63,4.48,11.38
2025-01-14,078600,대주전자재료,KOSDAQ,연기금 30D SELL,95000,18.31,6.02,-0.74,15.58
2025-01-14,131970,두산테스나,KOSDAQ,연기금 30D SELL,29350,11.81,5.59,-8.18,9.71
2025-01-14,131970,두산테스나,KOSDAQ,개인 30D BUY,29350,11.81,5.59,-8.18,9.71
2025-01-14,078600,대주전자재료,KOSDAQ,금융투자 10D SELL,95000,18.31,6.02,-0.74,15.58
2025-01-14,131970,두산테스나,KOSDAQ,금융투자 10D SELL,29350,11.81,5.59,-8.18,9.71
2025-01-15,067310,하나마이크론,KOSDAQ,개인 30D BUY,11460,6.31,3.61,-14.14,4.8
2025-01-15,067310,하나마이크론,KOSDAQ,금융투자 10D SELL,11460,6.31,3.61,-14.14,4.8
2025-01-16,115180,큐리언트,KOSDAQ,연기금 30D SELL,5570,8.79,3.57,-15.17,5.57
2025-01-17,131970,두산테스나,KOSDAQ,연기금 30D SELL,32850,11.17,4.43,-10.96,-0.76
2025-01-17,089030,테크윙,KOSDAQ,금융투자 10D SELL,48250,5.35,3.05,-13.89,-9.64
2025-01-17,417200,LS머트리얼즈,KOSDAQ,금융투자 10D SELL,14810,18.48,13.32,-12.56,-12.83
2025-01-17,033500,동성화인텍,KOSDAQ,금융투자 10D SELL,18430,13.0,4.91,13.94,10.69
2025-01-17,131970,두산테스나,KOSDAQ,금융투자 10D SELL,32850,11.17,4.43,-10.96,-0.76
2025-01-17,033500,동성화인텍,KOSDAQ,연기금 30D SELL,18430,13.0,4.91,13.94,10.69
2025-01-17,417200,LS머트리얼즈,KOSDAQ,개인 30D BUY,14810,18.48,13.32,-12.56,-12.83
2025-01-17,131970,두산테스나,KOSDAQ,개인 30D BUY,32850,11.17,4.43,-10.96,-0.76
2025-01-17,403870,HPSP,KOSDAQ,금융투자 10D SELL,31850,10.98,4.99,-3.92,-0.31
2025-01-20,060280,큐렉소,KOSDAQ,개인 30D BUY,10050,11.17,9.34,2.49,-4.38
2025-01-20,060280,큐렉소,KOSDAQ,금융투자 10D SELL,10050,11.17,9.34,2.49,-4.38
2025-01-20,080220,제주반도체,KOSDAQ,개인 30D BUY,12700,28.8,11.66,31.57,33.54
2025-01-20,098460,고영,KOSDAQ,금융투자 10D SELL,12220,26.63,9.02,48.28,54.66
2025-01-20,098460,고영,KOSDAQ,개인 30D BUY,12220,26.63,9.02,48.28,54.66
2025-01-20,080220,제주반도체,KOSDAQ,금융투자 10D SELL,12700,28.8,11.66,31.57,33.54
2025-01-21,098460,고영,KOSDAQ,개인 30D BUY,14580,9.13,14.06,24.07,31.76
2025-01-21,098460,고영,KOSDAQ,금융투자 10D SELL,14580,9.13,14.06,24.07,31.76
2025-01-22,025980,아난티,KOSDAQ,개인 30D BUY,6180,6.0,3.79,-3.88,-2.43
2025-01-22,025980,아난티,KOSDAQ,금융투자 10D SELL,6180,6.0,3.79,-3.88,-2.43
2025-01-22,083650,비에이치아이,KOSDAQ,개인 30D BUY,20900,10.41,5.0,-2.63,-1.2
2025-01-22,095610,테스,KOSDAQ,금융투자 10D SELL,19200,6.25,3.78,11.72,15.62
2025-01-22,082920,비츠로셀,KOSDAQ,금융투자 10D SELL,14711,5.81,3.29,-9.1,-6.52
2025-01-23,328130,루닛,KOSDAQ,금융투자 10D SELL,70400,5.07,3.14,0.85,-9.8
2025-01-23,358570,지아이이노베이션,KOSDAQ,연기금 30D SELL,9117,8.33,3.01,46.09,68.82
2025-01-23,218410,RFHIC,KOSDAQ,금융투자 10D SELL,16090,8.64,5.05,8.76,3.73
2025-01-24,222800,심텍,KOSDAQ,개인 30D BUY,13030,5.93,5.87,8.98,52.42
2025-01-31,226950,올릭스,KOSDAQ,금융투자 10D SELL,16300,14.39,3.61,158.28,260.74
2025-01-31,226950,올릭스,KOSDAQ,개인 30D BUY,16300,14.39,3.61,158.28,260.74
2025-01-31,226950,올릭스,KOSDAQ,연기금 30D SELL,16300,14.39,3.61,158.28,260.74
2025-02-03,042000,카페24,KOSDAQ,금융투자 10D SELL,46850,16.25,5.48,25.72,33.4
2025-02-04,042000,카페24,KOSDAQ,금융투자 10D SELL,54200,14.95,5.0,3.32,13.28
2025-02-05,466100,클로봇,KOSDAQ,금융투자 10D SELL,14580,27.78,3.93,22.84,21.67
2025-02-05,030530,원익홀딩스,KOSDAQ,개인 30D BUY,2835,7.39,4.39,27.16,54.67
2025-02-05,030530,원익홀딩스,KOSDAQ,금융투자 10D SELL,2835,7.39,4.39,27.16,54.67
2025-02-05,067160,SOOP,KOSDAQ,연기금 30D SELL,115600,25.24,10.04,-8.22,-27.34
2025-02-05,067160,SOOP,KOSDAQ,개인 30D BUY,115600,25.24,10.04,-8.22,-27.34
2025-02-05,095610,테스,KOSDAQ,금융투자 10D SELL,20150,18.53,4.65,15.14,4.22
2025-02-05,039200,오스코텍,KOSDAQ,금융투자 10D SELL,30250,9.8,3.28,-13.22,-3.14
2025-02-05,039200,오스코텍,KOSDAQ,개인 30D BUY,30250,9.8,3.28,-13.22,-3.14
2025-02-06,067160,SOOP,KOSDAQ,개인 30D BUY,127900,11.61,6.88,-14.78,-34.56
2025-02-06,067160,SOOP,KOSDAQ,금융투자 10D SELL,127900,11.61,6.88,-14.78,-34.56
2025-02-06,095610,테스,KOSDAQ,금융투자 10D SELL,22350,13.68,6.14,-0.45,-6.49
2025-02-06,067160,SOOP,KOSDAQ,연기금 30D SELL,127900,11.61,6.88,-14.78,-34.56
2025-02-06,466100,클로봇,KOSDAQ,금융투자 10D SELL,16470,6.53,3.76,-0.12,11.23
2025-02-07,131970,두산테스나,KOSDAQ,개인 30D BUY,32000,9.22,3.21,4.06,-9.53
2025-02-07,102710,이엔에프테크놀로지,KOSDAQ,개인 30D BUY,23750,10.47,3.09,4.63,-4.42
2025-02-07,080220,제주반도체,KOSDAQ,개인 30D BUY,16710,16.93,4.58,1.5,-11.37
2025-02-07,005290,동진쎄미켐,KOSDAQ,금융투자 10D SELL,24100,8.31,3.51,17.63,15.15
2025-02-07,222800,심텍,KOSDAQ,개인 30D BUY,14410,23.9,7.67,32.76,29.63
2025-02-07,064760,티씨케이,KOSDAQ,개인 30D BUY,85700,5.15,3.72,0.12,-2.92
2025-02-07,036540,SFA반도체,KOSDAQ,금융투자 10D SELL,3650,11.11,10.77,-1.92,-13.97
2025-02-07,131970,두산테스나,KOSDAQ,연기금 30D SELL,32000,9.22,3.21,4.06,-9.53
2025-02-07,222800,심텍,KOSDAQ,금융투자 10D SELL,14410,23.9,7.67,32.76,29.63
2025-02-07,131970,두산테스나,KOSDAQ,금융투자 10D SELL,32000,9.22,3.21,4.06,-9.53
2025-02-07,036540,SFA반도체,KOSDAQ,개인 30D BUY,3650,11.11,10.77,-1.92,-13.97
2025-02-07,102710,이엔에프테크놀로지,KOSDAQ,금융투자 10D SELL,23750,10.47,3.09,4.63,-4.42
2025-02-07,399720,가온칩스,KOSDAQ,개인 30D BUY,51500,14.83,3.94,2.14,-10.97
2025-02-07,005290,동진쎄미켐,KOSDAQ,개인 30D BUY,24100,8.31,3.51,17.63,15.15
2025-02-07,080220,제주반도체,KOSDAQ,금융투자 10D SELL,16710,16.93,4.58,1.5,-11.37
2025-02-10,056080,유진로봇,KOSDAQ,개인 30D BUY,9710,8.13,9.17,-7.42,-18.13
2025-02-10,090710,휴림로봇,KOSDAQ,연기금 30D SELL,2515,23.59,7.73,4.57,-13.32
2025-02-10,232140,와이씨,KOSDAQ,금융투자 10D SELL,12380,14.31,3.67,-1.86,-19.06
2025-02-10,131970,두산테스나,KOSDAQ,연기금 30D SELL,37900,18.44,5.17,-12.66,-25.86
2025-02-10,131970,두산테스나,KOSDAQ,금융투자 10D SELL,37900,18.44,5.17,-12.66,-25.86
2025-02-10,281740,레이크머티리얼즈,KOSDAQ,금융투자 10D SELL,14000,24.89,8.78,41.5,5.5
2025-02-10,056080,유진로봇,KOSDAQ,연기금 30D SELL,9710,8.13,9.17,-7.42,-18.13
2025-02-10,232140,와이씨,KOSDAQ,개인 30D BUY,12380,14.31,3.67,-1.86,-19.06
2025-02-10,090710,휴림로봇,KOSDAQ,금융투자 10D SELL,2515,23.59,7.73,4.57,-13.32
2025-02-10,131970,두산테스나,KOSDAQ,개인 30D BUY,37900,18.44,5.17,-12.66,-25.86
2025-02-10,005290,동진쎄미켐,KOSDAQ,개인 30D BUY,25750,8.65,3.12,8.16,9.13
2025-02-10,005290,동진쎄미켐,KOSDAQ,금융투자 10D SELL,25750,8.65,3.12,8.16,9.13
2025-02-11,082270,젬백스,KOSDAQ,금융투자 10D SELL,23850,7.92,3.26,50.73,74.42
2025-02-11,281740,레이크머티리얼즈,KOSDAQ,금융투자 10D SELL,14540,5.52,3.35,31.91,1.51
2025-02-11,082270,젬백스,KOSDAQ,연기금 30D SELL,23850,7.92,3.26,50.73,74.42
2025-02-11,263750,펄어비스,KOSDAQ,금융투자 10D SELL,32500,6.56,6.45,2.0,-4.31
2025-02-11,388720,유일로보틱스,KOSDAQ,개인 30D BUY,47850,10.13,6.18,25.6,38.77
2025-02-11,036810,에프에스티,KOSDAQ,금융투자 10D SELL,19813,6.22,3.27,13.62,7.11
2025-02-11,240810,원익IPS,KOSDAQ,금융투자 10D SELL,25950,7.9,6.42,7.13,0.19
2025-02-11,036810,에프에스티,KOSDAQ,개인 30D BUY,19813,6.22,3.27,13.62,7.11
2025-02-11,048410,현대바이오,KOSDAQ,금융투자 10D SELL,7190,16.34,4.94,-14.39,-18.57
2025-02-11,048410,현대바이오,KOSDAQ,개인 30D BUY,7190,16.34,4.94,-14.39,-18.57
2025-02-11,240810,원익IPS,KOSDAQ,개인 30D BUY,25950,7.9,6.42,7.13,0.19
2025-02-11,090710,휴림로봇,KOSDAQ,연기금 30D SELL,2525,6.32,4.55,0.59,-13.66
2025-02-11,388720,유일로보틱스,KOSDAQ,금융투자 10D SELL,47850,10.13,6.18,25.6,38.77
2025-02-12,226950,올릭스,KOSDAQ,연기금 30D SELL,45100,7.38,10.16,23.28,0.44
2025-02-12,226950,올릭스,KOSDAQ,개인 30D BUY,45100,7.38,10.16,23.28,0.44
2025-02-12,099320,쎄트렉아이,KOSDAQ,금융투자 10D SELL,51300,5.66,3.51,4.48,7.02
2025-02-12,214430,아이쓰리시스템,KOSDAQ,연기금 30D SELL,60400,22.02,10.79,-2.65,-1.49
2025-02-12,214430,아이쓰리시스템,KOSDAQ,금융투자 10D SELL,60400,22.02,10.79,-2.65,-1.49
2025-02-14,090710,휴림로봇,KOSDAQ,연기금 30D SELL,2430,13.02,3.04,-10.29,-10.08
2025-02-14,222800,심텍,KOSDAQ,개인 30D BUY,15450,5.46,3.68,30.74,37.86
2025-02-14,036930,주성엔지니어링,KOSDAQ,연기금 30D SELL,33850,6.28,4.13,-1.77,11.96
2025-02-14,222800,심텍,KOSDAQ,금융투자 10D SELL,15450,5.46,3.68,30.74,37.86
2025-02-14,295310,에이치브이엠,KOSDAQ,금융투자 10D SELL,32750,20.63,6.4,-21.83,-28.24
2025-02-14,028300,HLB,KOSDAQ,금융투자 10D SELL,81300,9.13,3.4,9.84,-7.01
2025-02-14,440110,파두,KOSDAQ,금융투자 10D SELL,15350,7.79,4.05,-3.78,-8.66
2025-02-14,036930,주성엔지니어링,KOSDAQ,금융투자 10D SELL,33850,6.28,4.13,-1.77,11.96
2025-02-14,145020,휴젤,KOSDAQ,금융투자 10D SELL,288000,8.68,4.37,10.07,14.24
2025-02-17,226950,올릭스,KOSDAQ,연기금 30D SELL,48150,10.69,3.46,18.8,-4.26
2025-02-17,082270,젬백스,KOSDAQ,금융투자 10D SELL,28000,10.89,4.15,34.11,36.79
2025-02-17,082270,젬백스,KOSDAQ,연기금 30D SELL,28000,10.89,4.15,34.11,36.79
2025-02-17,060370,LS마린솔루션,KOSDAQ,연기금 30D SELL,16000,11.98,4.88,-9.49,-9.06
2025-02-17,226950,올릭스,KOSDAQ,개인 30D BUY,48150,10.69,3.46,18.8,-4.26
2025-02-17,137400,피엔티,KOSDAQ,개인 30D BUY,46650,12.14,5.65,-5.68,-6.75
2025-02-17,060370,LS마린솔루션,KOSDAQ,개인 30D BUY,16000,11.98,4.88,-9.49,-9.06
2025-02-17,214150,클래시스,KOSDAQ,금융투자 10D SELL,56800,8.4,3.33,0.7,6.34
2025-02-18,298380,에이비엘바이오,KOSDAQ,금융투자 10D SELL,46900,20.26,4.54,-10.45,-13.54
2025-02-18,388720,유일로보틱스,KOSDAQ,금융투자 10D SELL,65000,20.37,4.4,-7.23,-3.08
2025-02-18,090710,휴림로봇,KOSDAQ,연기금 30D SELL,2785,12.3,3.43,-21.9,-25.85
2025-02-18,032820,우리기술,KOSDAQ,금융투자 10D SELL,2300,8.49,5.13,-9.13,-15.0
2025-02-18,056080,유진로봇,KOSDAQ,연기금 30D SELL,9660,7.93,4.67,-15.73,-16.25
2025-02-18,298380,에이비엘바이오,KOSDAQ,개인 30D BUY,46900,20.26,4.54,-10.45,-13.54
2025-02-19,009520,포스코엠텍,KOSDAQ,금융투자 10D SELL,14060,15.72,15.89,-2.92,4.41
2025-02-19,319660,피에스케이,KOSDAQ,금융투자 10D SELL,21450,10.68,4.29,-20.23,-0.47
2025-02-19,319660,피에스케이,KOSDAQ,개인 30D BUY,21450,10.68,4.29,-20.23,-0.47
2025-02-19,036930,주성엔지니어링,KOSDAQ,연기금 30D SELL,38900,12.43,7.01,-17.99,3.6
2025-02-19,036930,주성엔지니어링,KOSDAQ,금융투자 10D SELL,38900,12.43,7.01,-17.99,3.6
2025-02-19,115180,큐리언트,KOSDAQ,연기금 30D SELL,5880,13.95,4.2,3.74,27.55
2025-02-19,009520,포스코엠텍,KOSDAQ,개인 30D BUY,14060,15.72,15.89,-2.92,4.41
2025-02-20,036830,솔브레인홀딩스,KOSDAQ,개인 30D BUY,37800,5.88,4.31,-17.2,-13.76
2025-02-20,348370,엔켐,KOSDAQ,금융투자 10D SELL,127000,12.59,4.06,-28.5,-32.91
2025-02-20,036830,솔브레인홀딩스,KOSDAQ,연기금 30D SELL,37800,5.88,4.31,-17.2,-13.76
2025-02-20,348370,엔켐,KOSDAQ,개인 30D BUY,127000,12.59,4.06,-28.5,-32.91
2025-02-20,036830,솔브레인홀딩스,KOSDAQ,금융투자 10D SELL,37800,5.88,4.31,-17.2,-13.76
2025-02-21,085660,차바이오텍,KOSDAQ,금융투자 10D SELL,11207,5.48,6.64,2.14,-5.03
2025-02-21,222080,씨아이에스,KOSDAQ,개인 30D BUY,8400,5.53,3.18,-9.05,-6.31
2025-02-24,257720,실리콘투,KOSDAQ,금융투자 10D SELL,35950,6.36,3.87,-32.13,-24.76
2025-02-25,005290,동진쎄미켐,KOSDAQ,금융투자 10D SELL,29400,6.91,10.7,-0.51,6.63
2025-02-25,437730,삼현,KOSDAQ,연기금 30D SELL,14500,22.88,3.8,-7.59,-27.03
2025-02-25,437730,삼현,KOSDAQ,개인 30D BUY,14500,22.88,3.8,-7.59,-27.03
2025-02-25,048410,현대바이오,KOSDAQ,금융투자 10D SELL,6155,7.06,3.16,-4.87,-4.39
2025-02-25,048410,현대바이오,KOSDAQ,개인 30D BUY,6155,7.06,3.16,-4.87,-4.39
2025-02-25,437730,삼현,KOSDAQ,금융투자 10D SELL,14500,22.88,3.8,-7.59,-27.03
2025-02-25,048410,현대바이오,KOSDAQ,연기금 30D SELL,6155,7.06,3.16,-4.87,-4.39
2025-02-25,323280,태성,KOSDAQ,금융투자 10D SELL,36600,12.96,6.13,-15.44,-23.22
2025-02-25,005290,동진쎄미켐,KOSDAQ,개인 30D BUY,29400,6.91,10.7,-0.51,6.63
2025-02-26,042000,카페24,KOSDAQ,금융투자 10D SELL,68500,10.31,3.87,-20.58,-23.5
2025-02-26,042000,카페24,KOSDAQ,연기금 30D SELL,68500,10.31,3.87,-20.58,-23.5
2025-02-26,068760,셀트리온제약,KOSDAQ,개인 30D BUY,55208,7.65,6.08,-7.99,-8.35
2025-02-26,068760,셀트리온제약,KOSDAQ,금융투자 10D SELL,55208,7.65,6.08,-7.99,-8.35
2025-02-26,068760,셀트리온제약,KOSDAQ,연기금 30D SELL,55208,7.65,6.08,-7.99,-8.35
2025-02-27,028300,HLB,KOSDAQ,금융투자 10D SELL,92500,8.19,4.3,-22.16,-38.16
2025-02-27,214150,클래시스,KOSDAQ,개인 30D BUY,69100,19.14,7.56,-11.29,-15.63
2025-02-27,214150,클래시스,KOSDAQ,연기금 30D SELL,69100,19.14,7.56,-11.29,-15.63
2025-02-27,214150,클래시스,KOSDAQ,금융투자 10D SELL,69100,19.14,7.56,-11.29,-15.63
2025-02-27,039200,오스코텍,KOSDAQ,금융투자 10D SELL,29700,13.14,3.38,6.73,-2.02
2025-03-04,085660,차바이오텍,KOSDAQ,금융투자 10D SELL,11447,6.08,3.8,-4.11,-10.49
2025-03-05,189300,인텔리안테크,KOSDAQ,개인 30D BUY,38950,10.18,5.85,4.88,-9.11
2025-03-07,009520,포스코엠텍,KOSDAQ,개인 30D BUY,14710,10.6,3.68,-0.82,-16.38
2025-03-11,466100,클로봇,KOSDAQ,연기금 30D SELL,22000,19.7,3.46,-19.5,-22.95
2025-03-11,466100,클로봇,KOSDAQ,개인 30D BUY,22000,19.7,3.46,-19.5,-22.95
2025-03-11,466100,클로봇,KOSDAQ,금융투자 10D SELL,22000,19.7,3.46,-19.5,-22.95
2025-03-12,160190,하이젠알앤엠,KOSDAQ,개인 30D BUY,35400,9.6,4.44,-11.16,-27.4
2025-03-12,160190,하이젠알앤엠,KOSDAQ,금융투자 10D SELL,35400,9.6,4.44,-11.16,-27.4
2025-03-12,160190,하이젠알앤엠,KOSDAQ,연기금 30D SELL,35400,9.6,4.44,-11.16,-27.4
2025-03-13,183300,코미코,KOSDAQ,개인 30D BUY,49250,7.65,4.28,22.03,7.61
2025-03-13,183300,코미코,KOSDAQ,금융투자 10D SELL,49250,7.65,4.28,22.03,7.61
2025-03-14,101490,에스앤에스텍,KOSDAQ,금융투자 10D SELL,33600,7.01,3.35,-2.08,-11.76
2025-03-14,160190,하이젠알앤엠,KOSDAQ,금융투자 10D SELL,37500,9.33,3.65,-22.67,-18.4
2025-03-14,183300,코미코,KOSDAQ,금융투자 10D SELL,55500,8.82,3.63,2.88,-4.68
2025-03-14,348210,넥스틴,KOSDAQ,연기금 30D SELL,57200,12.16,3.58,4.72,-3.5
2025-03-14,160190,하이젠알앤엠,KOSDAQ,연기금 30D SELL,37500,9.33,3.65,-22.67,-18.4
2025-03-14,417200,LS머트리얼즈,KOSDAQ,금융투자 10D SELL,11920,8.76,4.77,-6.71,-14.01
2025-03-14,160190,하이젠알앤엠,KOSDAQ,개인 30D BUY,37500,9.33,3.65,-22.67,-18.4
2025-03-14,183300,코미코,KOSDAQ,개인 30D BUY,55500,8.82,3.63,2.88,-4.68
2025-03-14,348210,넥스틴,KOSDAQ,금융투자 10D SELL,57200,12.16,3.58,4.72,-3.5
2025-03-17,232140,와이씨,KOSDAQ,금융투자 10D SELL,11460,8.11,4.78,-5.41,-8.12
2025-03-17,232140,와이씨,KOSDAQ,연기금 30D SELL,11460,8.11,4.78,-5.41,-8.12
2025-03-17,232140,와이씨,KOSDAQ,개인 30D BUY,11460,8.11,4.78,-5.41,-8.12
2025-03-17,196170,알테오젠,KOSDAQ,개인 30D BUY,439500,10.29,3.18,-19.0,-11.95
2025-03-17,196170,알테오젠,KOSDAQ,금융투자 10D SELL,439500,10.29,3.18,-19.0,-11.95
2025-03-19,232140,와이씨,KOSDAQ,금융투자 10D SELL,12950,10.78,7.83,-15.68,-22.63
2025-03-20,257720,실리콘투,KOSDAQ,개인 30D BUY,28650,7.1,3.11,-6.46,19.72
2025-03-20,251970,펌텍코리아,KOSDAQ,연기금 30D SELL,48150,5.13,3.58,12.56,17.34
2025-03-20,257720,실리콘투,KOSDAQ,연기금 30D SELL,28650,7.1,3.11,-6.46,19.72
2025-03-20,003380,하림지주,KOSDAQ,개인 30D BUY,5740,7.29,4.27,-5.57,-0.52
2025-03-20,251970,펌텍코리아,KOSDAQ,금융투자 10D SELL,48150,5.13,3.58,12.56,17.34
2025-03-20,003380,하림지주,KOSDAQ,연기금 30D SELL,5740,7.29,4.27,-5.57,-0.52
2025-03-20,257720,실리콘투,KOSDAQ,금융투자 10D SELL,28650,7.1,3.11,-6.46,19.72
2025-03-25,476060,온코닉테라퓨틱스,KOSDAQ,금융투자 10D SELL,4795,16.47,8.94,8.97,36.6
2025-03-25,140410,메지온,KOSDAQ,개인 30D BUY,32450,12.87,3.27,9.71,20.34
2025-03-25,140410,메지온,KOSDAQ,연기금 30D SELL,32450,12.87,3.27,9.71,20.34
2025-03-25,389470,인벤티지랩,KOSDAQ,금융투자 10D SELL,15380,5.34,3.22,-13.91,58.0
2025-03-25,140410,메지온,KOSDAQ,금융투자 10D SELL,32450,12.87,3.27,9.71,20.34
2025-03-25,476060,온코닉테라퓨틱스,KOSDAQ,개인 30D BUY,4795,16.47,8.94,8.97,36.6
2025-03-26,052400,코나아이,KOSDAQ,연기금 30D SELL,30700,28.99,5.13,50.81,8.63
2025-03-26,052400,코나아이,KOSDAQ,개인 30D BUY,30700,28.99,5.13,50.81,8.63
2025-03-28,476060,온코닉테라퓨틱스,KOSDAQ,개인 30D BUY,4995,12.45,4.53,20.86,22.12
2025-03-28,476060,온코닉테라퓨틱스,KOSDAQ,금융투자 10D SELL,4995,12.45,4.53,20.86,22.12
2025-04-01,087010,펩트론,KOSDAQ,연기금 30D SELL,106500,15.64,3.79,50.99,64.6
2025-04-02,445680,큐리옥스바이오시스템즈,KOSDAQ,개인 30D BUY,17940,8.07,4.09,27.65,34.89
2025-04-02,445680,큐리옥스바이오시스템즈,KOSDAQ,금융투자 10D SELL,17940,8.07,4.09,27.65,34.89
2025-04-03,052400,코나아이,KOSDAQ,연기금 30D SELL,31750,9.11,4.86,3.62,13.86
2025-04-03,388720,유일로보틱스,KOSDAQ,연기금 30D SELL,92600,20.26,5.16,-16.09,-24.3
2025-04-03,052400,코나아이,KOSDAQ,개인 30D BUY,31750,9.11,4.86,3.62,13.86
2025-04-04,041510,에스엠,KOSDAQ,연기금 30D SELL,115900,5.56,3.67,0.35,8.28
2025-04-04,025980,아난티,KOSDAQ,연기금 30D SELL,6180,5.64,3.36,10.52,16.34
2025-04-04,086520,에코프로,KOSDAQ,개인 30D BUY,52100,10.85,3.33,-7.87,-7.1
2025-04-07,052400,코나아이,KOSDAQ,개인 30D BUY,44850,8.07,3.27,-20.18,8.25
2025-04-09,298380,에이비엘바이오,KOSDAQ,개인 30D BUY,52600,5.52,4.42,31.94,13.5
2025-04-09,298380,에이비엘바이오,KOSDAQ,연기금 30D SELL,52600,5.52,4.42,31.94,13.5
2025-04-10,030530,원익홀딩스,KOSDAQ,개인 30D BUY,3970,11.99,4.59,8.31,8.82
2025-04-10,030530,원익홀딩스,KOSDAQ,금융투자 10D SELL,3970,11.99,4.59,8.31,8.82
2025-04-10,030530,원익홀딩스,KOSDAQ,연기금 30D SELL,3970,11.99,4.59,8.31,8.82
2025-04-10,437730,삼현,KOSDAQ,개인 30D BUY,9910,7.48,3.39,41.88,46.72
2025-04-11,389470,인벤티지랩,KOSDAQ,금융투자 10D SELL,17170,20.49,5.89,47.06,181.01
2025-04-11,030530,원익홀딩스,KOSDAQ,개인 30D BUY,4115,7.44,4.61,10.09,12.52
2025-04-11,030530,원익홀딩스,KOSDAQ,연기금 30D SELL,4115,7.44,4.61,10.09,12.52
2025-04-11,348370,엔켐,KOSDAQ,개인 30D BUY,83000,24.07,3.42,-0.36,-19.04
2025-04-11,348370,엔켐,KOSDAQ,연기금 30D SELL,83000,24.07,3.42,-0.36,-19.04
2025-04-11,030530,원익홀딩스,KOSDAQ,금융투자 10D SELL,4115,7.44,4.61,10.09,12.52
2025-04-15,090710,휴림로봇,KOSDAQ,금융투자 10D SELL,2145,10.0,6.54,-8.16,-1.4
2025-04-15,090710,휴림로봇,KOSDAQ,개인 30D BUY,2145,10.0,6.54,-8.16,-1.4
2025-04-16,085660,차바이오텍,KOSDAQ,연기금 30D SELL,10440,8.75,7.53,5.08,3.45
2025-04-16,085660,차바이오텍,KOSDAQ,개인 30D BUY,10440,8.75,7.53,5.08,3.45
2025-04-17,347700,스피어,KOSDAQ,개인 30D BUY,8360,11.17,3.25,14.11,24.4
2025-04-17,347700,스피어,KOSDAQ,금융투자 10D SELL,8360,11.17,3.25,14.11,24.4
2025-04-17,043260,성호전자,KOSDAQ,개인 30D BUY,1105,8.23,13.44,11.22,3.89
2025-04-17,437730,삼현,KOSDAQ,개인 30D BUY,13370,27.58,11.02,-1.35,6.43
2025-04-18,347850,디앤디파마텍,KOSDAQ,연기금 30D SELL,14864,6.84,8.51,20.71,56.24
2025-04-21,100790,미래에셋벤처투자,KOSDAQ,금융투자 10D SELL,5560,12.55,8.15,-12.23,-12.95
2025-04-21,100790,미래에셋벤처투자,KOSDAQ,연기금 30D SELL,5560,12.55,8.15,-12.23,-12.95
2025-04-21,100790,미래에셋벤처투자,KOSDAQ,개인 30D BUY,5560,12.55,8.15,-12.23,-12.95
2025-04-22,437730,삼현,KOSDAQ,금융투자 10D SELL,14700,17.13,8.66,0.41,-8.44
2025-04-22,058610,에스피지,KOSDAQ,연기금 30D SELL,25550,12.06,3.64,-2.15,-8.22
2025-04-22,058610,에스피지,KOSDAQ,금융투자 10D SELL,25550,12.06,3.64,-2.15,-8.22
2025-04-25,225570,넥슨게임즈,KOSDAQ,연기금 30D SELL,13710,5.06,4.16,-7.15,-5.76
2025-04-25,225570,넥슨게임즈,KOSDAQ,금융투자 10D SELL,13710,5.06,4.16,-7.15,-5.76
2025-04-28,083650,비에이치아이,KOSDAQ,연기금 30D SELL,25600,9.4,6.29,24.61,38.48
2025-04-28,043260,성호전자,KOSDAQ,개인 30D BUY,1204,5.71,5.7,-1.66,-4.32
2025-04-28,389470,인벤티지랩,KOSDAQ,연기금 30D SELL,27700,11.47,3.28,56.86,55.05
2025-04-28,389470,인벤티지랩,KOSDAQ,금융투자 10D SELL,27700,11.47,3.28,56.86,55.05
2025-04-28,389470,인벤티지랩,KOSDAQ,개인 30D BUY,27700,11.47,3.28,56.86,55.05
2025-04-29,083650,비에이치아이,KOSDAQ,연기금 30D SELL,28800,14.06,4.56,31.25,19.79
2025-04-29,389470,인벤티지랩,KOSDAQ,금융투자 10D SELL,33850,8.15,3.52,29.1,15.21
2025-04-29,389470,인벤티지랩,KOSDAQ,연기금 30D SELL,33850,8.15,3.52,29.1,15.21
2025-04-30,389470,인벤티지랩,KOSDAQ,개인 30D BUY,36100,5.71,3.18,12.74,3.05
2025-04-30,389470,인벤티지랩,KOSDAQ,연기금 30D SELL,36100,5.71,3.18,12.74,3.05
2025-04-30,389470,인벤티지랩,KOSDAQ,금융투자 10D SELL,36100,5.71,3.18,12.74,3.05
2025-05-07,389470,인벤티지랩,KOSDAQ,연기금 30D SELL,52900,10.44,3.32,-18.81,-23.16
2025-05-07,108490,로보티즈,KOSDAQ,연기금 30D SELL,35885,7.59,3.87,50.61,85.07
2025-05-07,108490,로보티즈,KOSDAQ,금융투자 10D SELL,35885,7.59,3.87,50.61,85.07
2025-05-07,437730,삼현,KOSDAQ,금융투자 10D SELL,14980,7.46,3.05,-3.81,-7.61
2025-05-07,389470,인벤티지랩,KOSDAQ,개인 30D BUY,52900,10.44,3.32,-18.81,-23.16
2025-05-07,389470,인벤티지랩,KOSDAQ,금융투자 10D SELL,52900,10.44,3.32,-18.81,-23.16
2025-05-07,437730,삼현,KOSDAQ,개인 30D BUY,14980,7.46,3.05,-3.81,-7.61
2025-05-08,098460,고영,KOSDAQ,개인 30D BUY,17400,21.25,6.85,-8.91,-9.2
2025-05-08,214430,아이쓰리시스템,KOSDAQ,개인 30D BUY,63800,6.69,3.07,12.23,25.39
2025-05-08,257720,실리콘투,KOSDAQ,금융투자 10D SELL,41300,11.02,3.61,-6.17,25.18
2025-05-08,251970,펌텍코리아,KOSDAQ,금융투자 10D SELL,59800,6.98,3.24,-4.85,-5.35
2025-05-08,251970,펌텍코리아,KOSDAQ,연기금 30D SELL,59800,6.98,3.24,-4.85,-5.35
2025-05-08,214150,클래시스,KOSDAQ,금융투자 10D SELL,70700,6.0,3.88,-17.4,-17.26
2025-05-08,257720,실리콘투,KOSDAQ,개인 30D BUY,41300,11.02,3.61,-6.17,25.18
2025-05-08,214430,아이쓰리시스템,KOSDAQ,금융투자 10D SELL,63800,6.69,3.07,12.23,25.39
2025-05-09,174900,앱클론,KOSDAQ,연기금 30D SELL,11270,8.68,3.8,7.81,10.91
2025-05-09,174900,앱클론,KOSDAQ,금융투자 10D SELL,11270,8.68,3.8,7.81,10.91
2025-05-09,122870,와이지엔터테인먼트,KOSDAQ,금융투자 10D SELL,74400,10.22,5.07,6.05,21.37
2025-05-12,214370,케어젠,KOSDAQ,금융투자 10D SELL,30550,8.72,8.63,18.99,13.58
2025-05-12,056080,유진로봇,KOSDAQ,개인 30D BUY,9630,29.78,11.94,16.41,8.62
2025-05-12,003380,하림지주,KOSDAQ,금융투자 10D SELL,6450,5.22,3.01,22.48,42.02
2025-05-12,214370,케어젠,KOSDAQ,개인 30D BUY,30550,8.72,8.63,18.99,13.58
2025-05-13,096530,씨젠,KOSDAQ,금융투자 10D SELL,29500,8.26,3.8,9.66,13.22
2025-05-13,347850,디앤디파마텍,KOSDAQ,연기금 30D SELL,22447,20.4,3.15,0.56,9.59
2025-05-14,277810,레인보우로보틱스,KOSDAQ,개인 30D BUY,310000,9.54,4.11,-13.87,-10.65
2025-05-14,082920,비츠로셀,KOSDAQ,금융투자 10D SELL,13500,5.73,4.13,9.53,12.52
2025-05-14,056080,유진로봇,KOSDAQ,개인 30D BUY,16260,7.4,3.31,-31.12,-37.95
2025-05-14,388720,유일로보틱스,KOSDAQ,개인 30D BUY,81100,8.42,3.59,-11.59,-7.03
2025-05-14,108490,로보티즈,KOSDAQ,연기금 30D SELL,47717,22.81,7.97,13.27,12.65
2025-05-14,108490,로보티즈,KOSDAQ,금융투자 10D SELL,47717,22.81,7.97,13.27,12.65
2025-05-14,082920,비츠로셀,KOSDAQ,개인 30D BUY,13500,5.73,4.13,9.53,12.52
2025-05-14,388720,유일로보틱스,KOSDAQ,연기금 30D SELL,81100,8.42,3.59,-11.59,-7.03
2025-05-14,060370,LS마린솔루션,KOSDAQ,금융투자 10D SELL,18694,9.23,3.81,-16.67,35.92
2025-05-14,082920,비츠로셀,KOSDAQ,연기금 30D SELL,13500,5.73,4.13,9.53,12.52
2025-05-16,083650,비에이치아이,KOSDAQ,금융투자 10D SELL,37800,14.55,3.81,-8.73,19.05
2025-05-16,102710,이엔에프테크놀로지,KOSDAQ,금융투자 10D SELL,28700,5.51,3.27,-0.7,13.24
2025-05-16,102710,이엔에프테크놀로지,KOSDAQ,개인 30D BUY,28700,5.51,3.27,-0.7,13.24
2025-05-16,102710,이엔에프테크놀로지,KOSDAQ,연기금 30D SELL,28700,5.51,3.27,-0.7,13.24
2025-05-16,083650,비에이치아이,KOSDAQ,연기금 30D SELL,37800,14.55,3.81,-8.73,19.05
2025-05-19,030530,원익홀딩스,KOSDAQ,개인 30D BUY,5310,16.83,6.82,0.38,-0.19
2025-05-19,030530,원익홀딩스,KOSDAQ,연기금 30D SELL,5310,16.83,6.82,0.38,-0.19
2025-05-19,030530,원익홀딩스,KOSDAQ,금융투자 10D SELL,5310,16.83,6.82,0.38,-0.19
2025-05-20,032820,우리기술,KOSDAQ,개인 30D BUY,2180,7.92,4.49,0.46,101.61
2025-05-20,030530,원익홀딩스,KOSDAQ,연기금 30D SELL,5480,5.59,4.13,11.86,-5.29
2025-05-20,030530,원익홀딩스,KOSDAQ,개인 30D BUY,5480,5.59,4.13,11.86,-5.29
2025-05-20,030530,원익홀딩스,KOSDAQ,금융투자 10D SELL,5480,5.59,4.13,11.86,-5.29
2025-05-21,293490,카카오게임즈,KOSDAQ,금융투자 10D SELL,15090,9.99,5.41,10.27,23.0
2025-05-21,290650,엘앤씨바이오,KOSDAQ,금융투자 10D SELL,29150,16.37,6.56,-7.72,0.17
2025-05-22,241710,코스메카코리아,KOSDAQ,연기금 30D SELL,49550,11.72,3.56,3.53,27.95
2025-05-22,096530,씨젠,KOSDAQ,금융투자 10D SELL,34450,6.16,6.58,-6.1,-3.63
2025-05-22,048410,현대바이오,KOSDAQ,금융투자 10D SELL,5650,6.81,4.2,-4.07,-22.21
2025-05-22,241710,코스메카코리아,KOSDAQ,금융투자 10D SELL,49550,11.72,3.56,3.53,27.95
2025-05-22,048410,현대바이오,KOSDAQ,개인 30D BUY,5650,6.81,4.2,-4.07,-22.21
2025-05-23,290650,엘앤씨바이오,KOSDAQ,금융투자 10D SELL,30600,6.62,3.29,-6.86,-5.56
2025-05-23,032820,우리기술,KOSDAQ,개인 30D BUY,2360,8.51,8.3,-1.48,84.32
2025-05-26,161580,필옵틱스,KOSDAQ,개인 30D BUY,34800,11.72,7.04,9.91,13.65
2025-05-27,298380,에이비엘바이오,KOSDAQ,연기금 30D SELL,82600,21.11,4.17,-3.15,-20.1
2025-05-30,078160,메디포스트,KOSDAQ,금융투자 10D SELL,10100,7.68,3.34,13.37,31.19
2025-05-30,131970,두산테스나,KOSDAQ,연기금 30D SELL,27100,14.35,10.61,4.24,-4.8
2025-05-30,131970,두산테스나,KOSDAQ,개인 30D BUY,27100,14.35,10.61,4.24,-4.8
2025-06-02,336570,원텍,KOSDAQ,연기금 30D SELL,10270,8.56,3.3,5.26,8.28
2025-06-04,030530,원익홀딩스,KOSDAQ,개인 30D BUY,6130,13.1,3.08,-15.33,-0.98
2025-06-04,030530,원익홀딩스,KOSDAQ,금융투자 10D SELL,6130,13.1,3.08,-15.33,-0.98
2025-06-04,052400,코나아이,KOSDAQ,금융투자 10D SELL,59000,6.31,5.74,37.29,3.56
2025-06-04,043260,성호전자,KOSDAQ,개인 30D BUY,1210,6.33,15.59,-2.73,-2.23
2025-06-05,014620,성광벤드,KOSDAQ,연기금 30D SELL,34050,22.48,7.65,-5.43,-15.71
2025-06-09,195940,HK이노엔,KOSDAQ,개인 30D BUY,46950,5.39,8.19,-10.76,-9.37
2025-06-09,060250,NHN KCP,KOSDAQ,개인 30D BUY,9100,12.9,13.07,35.71,19.78
2025-06-09,195940,HK이노엔,KOSDAQ,연기금 30D SELL,46950,5.39,8.19,-10.76,-9.37
2025-06-10,085660,차바이오텍,KOSDAQ,개인 30D BUY,11600,12.62,3.51,-4.4,-0.69
2025-06-10,087010,펩트론,KOSDAQ,연기금 30D SELL,192500,17.52,3.21,6.49,-1.04
2025-06-10,085660,차바이오텍,KOSDAQ,금융투자 10D SELL,11600,12.62,3.51,-4.4,-0.69
2025-06-10,087010,펩트론,KOSDAQ,개인 30D BUY,192500,17.52,3.21,6.49,-1.04
2025-06-11,240810,원익IPS,KOSDAQ,연기금 30D SELL,26500,9.73,3.78,3.02,3.58
2025-06-11,403870,HPSP,KOSDAQ,연기금 30D SELL,27700,13.52,4.35,3.79,-5.05
2025-06-11,476060,온코닉테라퓨틱스,KOSDAQ,개인 30D BUY,5900,5.6,3.97,-7.0,-2.76
2025-06-11,347850,디앤디파마텍,KOSDAQ,금융투자 10D SELL,24374,5.3,3.02,30.39,23.72
2025-06-11,347850,디앤디파마텍,KOSDAQ,연기금 30D SELL,24374,5.3,3.02,30.39,23.72
2025-06-11,476060,온코닉테라퓨틱스,KOSDAQ,금융투자 10D SELL,5900,5.6,3.97,-7.0,-2.76
2025-06-12,065350,신성델타테크,KOSDAQ,연기금 30D SELL,72500,21.44,7.93,1.24,3.03
2025-06-12,032820,우리기술,KOSDAQ,개인 30D BUY,2620,5.86,3.29,60.11,51.15
2025-06-12,323280,태성,KOSDAQ,개인 30D BUY,27450,10.69,4.61,-8.74,-1.28
2025-06-12,225570,넥슨게임즈,KOSDAQ,연기금 30D SELL,15240,10.92,7.1,-7.41,-6.43
2025-06-12,065350,신성델타테크,KOSDAQ,개인 30D BUY,72500,21.44,7.93,1.24,3.03
2025-06-13,161580,필옵틱스,KOSDAQ,개인 30D BUY,41650,6.39,4.43,-8.4,-15.61
2025-06-16,032820,우리기술,KOSDAQ,개인 30D BUY,3380,21.58,4.97,47.93,14.79
2025-06-17,090360,로보스타,KOSDAQ,개인 30D BUY,25800,5.52,5.86,10.66,12.21
2025-06-18,060250,NHN KCP,KOSDAQ,개인 30D BUY,10730,14.51,10.39,0.56,48.37
2025-06-19,950160,코오롱티슈진,KOSDAQ,금융투자 10D SELL,46100,18.97,7.34,-4.77,-5.21
2025-06-19,950160,코오롱티슈진,KOSDAQ,개인 30D BUY,46100,18.97,7.34,-4.77,-5.21
2025-06-19,100790,미래에셋벤처투자,KOSDAQ,금융투자 10D SELL,7890,5.91,3.19,-15.21,-11.41
2025-06-19,028300,HLB,KOSDAQ,개인 30D BUY,53200,6.61,3.9,-6.02,1.5
2025-06-19,028300,HLB,KOSDAQ,연기금 30D SELL,53200,6.61,3.9,-6.02,1.5
2025-06-20,108490,로보티즈,KOSDAQ,연기금 30D SELL,61351,10.14,3.55,5.87,30.79
2025-06-20,098460,고영,KOSDAQ,금융투자 10D SELL,16300,7.17,3.56,-3.87,-6.75
2025-06-20,310210,보로노이,KOSDAQ,금융투자 10D SELL,108900,14.75,4.17,8.17,30.67
2025-06-20,247540,에코프로비엠,KOSDAQ,연기금 30D SELL,102000,11.72,3.53,2.06,10.0
2025-06-20,098460,고영,KOSDAQ,개인 30D BUY,16300,7.17,3.56,-3.87,-6.75
2025-06-20,277810,레인보우로보틱스,KOSDAQ,개인 30D BUY,290000,6.23,3.79,-7.59,-5.52
2025-06-20,310210,보로노이,KOSDAQ,연기금 30D SELL,108900,14.75,4.17,8.17,30.67
2025-06-20,277810,레인보우로보틱스,KOSDAQ,금융투자 10D SELL,290000,6.23,3.79,-7.59,-5.52
2025-06-23,277810,레인보우로보틱스,KOSDAQ,개인 30D BUY,305500,7.57,3.63,-13.91,-9.49
2025-06-23,466100,클로봇,KOSDAQ,연기금 30D SELL,19420,10.72,8.04,-1.39,5.3
2025-06-23,328130,루닛,KOSDAQ,개인 30D BUY,52800,15.41,4.19,-7.29,-7.86
2025-06-23,348340,뉴로메카,KOSDAQ,개인 30D BUY,24400,5.17,3.02,-5.12,-3.89
2025-06-23,328130,루닛,KOSDAQ,연기금 30D SELL,52800,15.41,4.19,-7.29,-7.86
2025-06-23,160190,하이젠알앤엠,KOSDAQ,개인 30D BUY,36500,7.04,3.29,-6.16,-1.64
2025-06-23,466100,클로봇,KOSDAQ,개인 30D BUY,19420,10.72,8.04,-1.39,5.3
2025-06-23,090360,로보스타,KOSDAQ,개인 30D BUY,30800,19.38,13.43,-8.44,-8.6
2025-06-23,058610,에스피지,KOSDAQ,개인 30D BUY,27600,6.98,3.71,-5.07,-2.72
2025-06-23,348340,뉴로메카,KOSDAQ,연기금 30D SELL,24400,5.17,3.02,-5.12,-3.89
2025-06-24,417200,LS머트리얼즈,KOSDAQ,연기금 30D SELL,11900,5.4,3.04,-9.16,-6.72
2025-06-24,086520,에코프로,KOSDAQ,연기금 30D SELL,48900,10.38,3.36,-8.18,-2.45
2025-06-24,417200,LS머트리얼즈,KOSDAQ,개인 30D BUY,11900,5.4,3.04,-9.16,-6.72
2025-06-24,293490,카카오게임즈,KOSDAQ,금융투자 10D SELL,23500,27.37,8.44,-22.81,-26.13
2025-06-24,293490,카카오게임즈,KOSDAQ,개인 30D BUY,23500,27.37,8.44,-22.81,-26.13
2025-06-24,417200,LS머트리얼즈,KOSDAQ,금융투자 10D SELL,11900,5.4,3.04,-9.16,-6.72
2025-06-25,085660,차바이오텍,KOSDAQ,금융투자 10D SELL,11990,9.4,3.17,-0.75,-4.59
2025-06-25,080220,제주반도체,KOSDAQ,개인 30D BUY,17970,7.48,10.27,-14.52,-14.08
2025-06-25,085660,차바이오텍,KOSDAQ,개인 30D BUY,11990,9.4,3.17,-0.75,-4.59
2025-06-26,475830,오름테라퓨틱,KOSDAQ,금융투자 10D SELL,19500,6.79,4.63,8.72,17.69
2025-06-26,475830,오름테라퓨틱,KOSDAQ,개인 30D BUY,19500,6.79,4.63,8.72,17.69
2025-06-27,078160,메디포스트,KOSDAQ,금융투자 10D SELL,13450,7.6,3.17,-18.22,-17.77
2025-07-01,032190,다우데이타,KOSDAQ,금융투자 10D SELL,19810,14.84,4.78,-6.92,-18.63
2025-07-02,068760,셀트리온제약,KOSDAQ,연기금 30D SELL,53149,7.33,9.62,-2.58,0.18
2025-07-02,000250,삼천당제약,KOSDAQ,개인 30D BUY,154600,6.84,4.09,5.95,38.42
2025-07-02,068760,셀트리온제약,KOSDAQ,개인 30D BUY,53149,7.33,9.62,-2.58,0.18
2025-07-02,068760,셀트리온제약,KOSDAQ,금융투자 10D SELL,53149,7.33,9.62,-2.58,0.18
2025-07-02,000250,삼천당제약,KOSDAQ,금융투자 10D SELL,154600,6.84,4.09,5.95,38.42
2025-07-03,101490,에스앤에스텍,KOSDAQ,연기금 30D SELL,46250,8.19,3.99,6.49,8.54
2025-07-03,036810,에프에스티,KOSDAQ,연기금 30D SELL,21023,15.85,3.76,4.72,10.62
2025-07-03,376900,로킷헬스케어,KOSDAQ,개인 30D BUY,19120,27.04,3.58,-9.62,-19.14
2025-07-03,376900,로킷헬스케어,KOSDAQ,금융투자 10D SELL,19120,27.04,3.58,-9.62,-19.14
2025-07-03,376900,로킷헬스케어,KOSDAQ,연기금 30D SELL,19120,27.04,3.58,-9.62,-19.14
2025-07-07,048410,현대바이오,KOSDAQ,금융투자 10D SELL,5345,18.25,8.82,27.03,8.89
2025-07-07,048410,현대바이오,KOSDAQ,개인 30D BUY,5345,18.25,8.82,27.03,8.89
2025-07-09,060250,NHN KCP,KOSDAQ,연기금 30D SELL,15080,10.72,4.82,19.1,-0.07
2025-07-09,060250,NHN KCP,KOSDAQ,금융투자 10D SELL,15080,10.72,4.82,19.1,-0.07
2025-07-09,060250,NHN KCP,KOSDAQ,개인 30D BUY,15080,10.72,4.82,19.1,-0.07
2025-07-10,424870,이뮨온시아,KOSDAQ,개인 30D BUY,5700,14.46,11.04,-1.05,-8.6
2025-07-10,424870,이뮨온시아,KOSDAQ,금융투자 10D SELL,5700,14.46,11.04,-1.05,-8.6
2025-07-11,319660,피에스케이,KOSDAQ,연기금 30D SELL,19810,7.96,3.7,-0.91,7.27
2025-07-11,060250,NHN KCP,KOSDAQ,개인 30D BUY,17780,13.39,6.06,-1.8,-14.23
2025-07-11,060250,NHN KCP,KOSDAQ,금융투자 10D SELL,17780,13.39,6.06,-1.8,-14.23
2025-07-11,048410,현대바이오,KOSDAQ,금융투자 10D SELL,6960,6.18,6.38,-9.2,-16.67
2025-07-11,060250,NHN KCP,KOSDAQ,연기금 30D SELL,17780,13.39,6.06,-1.8,-14.23
2025-07-11,048410,현대바이오,KOSDAQ,개인 30D BUY,6960,6.18,6.38,-9.2,-16.67
2025-07-14,214370,케어젠,KOSDAQ,개인 30D BUY,43000,11.11,5.58,33.95,6.86
2025-07-14,214370,케어젠,KOSDAQ,연기금 30D SELL,43000,11.11,5.58,33.95,6.86
2025-07-14,214370,케어젠,KOSDAQ,금융투자 10D SELL,43000,11.11,5.58,33.95,6.86
2025-07-15,222800,심텍,KOSDAQ,금융투자 10D SELL,25500,14.61,4.32,-11.37,6.27
2025-07-15,087010,펩트론,KOSDAQ,연기금 30D SELL,235000,23.68,3.58,27.23,30.0
2025-07-15,389470,인벤티지랩,KOSDAQ,개인 30D BUY,33400,6.2,3.57,-1.2,-8.23
2025-07-15,397030,에이프릴바이오,KOSDAQ,개인 30D BUY,20000,6.61,4.43,8.25,0.0
2025-07-15,389470,인벤티지랩,KOSDAQ,연기금 30D SELL,33400,6.2,3.57,-1.2,-8.23
2025-07-15,087010,펩트론,KOSDAQ,개인 30D BUY,235000,23.68,3.58,27.23,30.0
2025-07-15,087010,펩트론,KOSDAQ,금융투자 10D SELL,235000,23.68,3.58,27.23,30.0
2025-07-15,397030,에이프릴바이오,KOSDAQ,금융투자 10D SELL,20000,6.61,4.43,8.25,0.0
2025-07-15,347850,디앤디파마텍,KOSDAQ,개인 30D BUY,36061,6.19,3.18,-7.91,-7.7
2025-07-16,213420,덕산네오룩스,KOSDAQ,금융투자 10D SELL,41300,5.9,4.24,-1.09,12.83
2025-07-16,084370,유진테크,KOSDAQ,금융투자 10D SELL,45500,5.08,3.15,1.43,9.45
2025-07-16,036830,솔브레인홀딩스,KOSDAQ,금융투자 10D SELL,45950,14.73,6.77,-2.18,3.92
2025-07-16,213420,덕산네오룩스,KOSDAQ,연기금 30D SELL,41300,5.9,4.24,-1.09,12.83
2025-07-17,397030,에이프릴바이오,KOSDAQ,개인 30D BUY,22200,5.21,3.11,-4.73,-2.93
2025-07-17,389470,인벤티지랩,KOSDAQ,개인 30D BUY,35650,9.02,3.32,-13.88,3.37
2025-07-17,087010,펩트론,KOSDAQ,개인 30D BUY,283500,17.88,3.23,3.53,24.69
2025-07-17,087010,펩트론,KOSDAQ,금융투자 10D SELL,283500,17.88,3.23,3.53,24.69
2025-07-17,389470,인벤티지랩,KOSDAQ,연기금 30D SELL,35650,9.02,3.32,-13.88,3.37
2025-07-17,140410,메지온,KOSDAQ,금융투자 10D SELL,40900,9.21,3.12,-5.99,-8.56
2025-07-17,232140,와이씨,KOSDAQ,금융투자 10D SELL,11690,12.84,8.32,-4.19,-1.11
2025-07-17,087010,펩트론,KOSDAQ,연기금 30D SELL,283500,17.88,3.23,3.53,24.69
2025-07-17,389470,인벤티지랩,KOSDAQ,금융투자 10D SELL,35650,9.02,3.32,-13.88,3.37
2025-07-17,039200,오스코텍,KOSDAQ,금융투자 10D SELL,34650,5.0,3.13,-8.8,-0.43
2025-07-17,039200,오스코텍,KOSDAQ,개인 30D BUY,34650,5.0,3.13,-8.8,-0.43
2025-07-17,140410,메지온,KOSDAQ,연기금 30D SELL,40900,9.21,3.12,-5.99,-8.56
2025-07-18,247540,에코프로비엠,KOSDAQ,연기금 30D SELL,112200,6.65,4.02,-4.37,17.02
2025-07-18,009520,포스코엠텍,KOSDAQ,개인 30D BUY,13160,11.34,15.2,5.4,6.76
2025-07-18,226950,올릭스,KOSDAQ,금융투자 10D SELL,42000,5.79,3.2,10.0,35.71
2025-07-18,078600,대주전자재료,KOSDAQ,금융투자 10D SELL,77300,7.21,4.06,-8.28,-5.3
2025-07-18,078600,대주전자재료,KOSDAQ,연기금 30D SELL,77300,7.21,4.06,-8.28,-5.3
2025-07-18,009520,포스코엠텍,KOSDAQ,금융투자 10D SELL,13160,11.34,15.2,5.4,6.76
2025-07-18,078600,대주전자재료,KOSDAQ,개인 30D BUY,77300,7.21,4.06,-8.28,-5.3
2025-07-18,226950,올릭스,KOSDAQ,개인 30D BUY,42000,5.79,3.2,10.0,35.71
2025-07-22,214370,케어젠,KOSDAQ,연기금 30D SELL,59000,9.46,3.25,-18.14,-21.1
2025-07-22,214370,케어젠,KOSDAQ,개인 30D BUY,59000,9.46,3.25,-18.14,-21.1
2025-07-22,060250,NHN KCP,KOSDAQ,개인 30D BUY,18150,15.53,3.57,-18.62,-23.69
2025-07-22,214370,케어젠,KOSDAQ,금융투자 10D SELL,59000,9.46,3.25,-18.14,-21.1
2025-07-22,060250,NHN KCP,KOSDAQ,연기금 30D SELL,18150,15.53,3.57,-18.62,-23.69
2025-07-22,060250,NHN KCP,KOSDAQ,금융투자 10D SELL,18150,15.53,3.57,-18.62,-23.69
2025-07-23,000250,삼천당제약,KOSDAQ,개인 30D BUY,213500,28.54,5.03,-10.59,-18.59
2025-07-23,000250,삼천당제약,KOSDAQ,연기금 30D SELL,213500,28.54,5.03,-10.59,-18.59
2025-07-23,000250,삼천당제약,KOSDAQ,금융투자 10D SELL,213500,28.54,5.03,-10.59,-18.59
2025-07-24,323280,태성,KOSDAQ,개인 30D BUY,29950,5.09,5.17,6.01,1.0
2025-07-24,298380,에이비엘바이오,KOSDAQ,개인 30D BUY,88600,18.77,5.31,-16.37,-7.67
2025-07-24,323280,태성,KOSDAQ,금융투자 10D SELL,29950,5.09,5.17,6.01,1.0
2025-07-24,083650,비에이치아이,KOSDAQ,연기금 30D SELL,40500,5.47,6.9,5.31,28.15
2025-07-24,083650,비에이치아이,KOSDAQ,개인 30D BUY,40500,5.47,6.9,5.31,28.15
2025-07-28,131970,두산테스나,KOSDAQ,금융투자 10D SELL,35350,7.12,11.68,2.4,2.83
2025-07-28,005290,동진쎄미켐,KOSDAQ,금융투자 10D SELL,32550,6.2,4.64,-2.61,-7.83
2025-07-28,102710,이엔에프테크놀로지,KOSDAQ,금융투자 10D SELL,42150,14.23,4.17,2.85,-8.54
2025-07-28,183300,코미코,KOSDAQ,금융투자 10D SELL,70900,17.58,5.04,11.0,17.35
2025-07-28,036810,에프에스티,KOSDAQ,금융투자 10D SELL,23007,9.44,4.92,-4.09,-11.21
2025-07-28,218410,RFHIC,KOSDAQ,금융투자 10D SELL,29700,6.45,3.04,-10.61,-13.47
2025-07-28,183300,코미코,KOSDAQ,연기금 30D SELL,70900,17.58,5.04,11.0,17.35
2025-07-28,036810,에프에스티,KOSDAQ,연기금 30D SELL,23007,9.44,4.92,-4.09,-11.21
2025-07-28,005290,동진쎄미켐,KOSDAQ,개인 30D BUY,32550,6.2,4.64,-2.61,-7.83
2025-07-28,399720,가온칩스,KOSDAQ,개인 30D BUY,51000,11.35,11.66,-10.29,-14.61
2025-07-28,240810,원익IPS,KOSDAQ,금융투자 10D SELL,31500,11.9,4.57,18.89,30.32
2025-07-28,005290,동진쎄미켐,KOSDAQ,연기금 30D SELL,32550,6.2,4.64,-2.61,-7.83
2025-07-28,183300,코미코,KOSDAQ,개인 30D BUY,70900,17.58,5.04,11.0,17.35
2025-07-28,323280,태성,KOSDAQ,금융투자 10D SELL,36050,7.13,4.25,-9.29,-17.48
2025-07-29,033500,동성화인텍,KOSDAQ,연기금 30D SELL,27950,12.93,5.66,0.36,11.09
2025-07-29,064760,티씨케이,KOSDAQ,연기금 30D SELL,107100,12.38,5.75,-0.65,3.55
2025-07-30,067310,하나마이크론,KOSDAQ,개인 30D BUY,12670,5.15,9.47,-0.79,9.16
2025-07-30,007390,네이처셀,KOSDAQ,금융투자 10D SELL,36900,21.58,9.1,-41.87,-43.63
2025-07-30,403870,HPSP,KOSDAQ,금융투자 10D SELL,27100,5.65,5.26,-2.03,-6.46
2025-07-30,348370,엔켐,KOSDAQ,금융투자 10D SELL,66900,7.73,3.03,24.07,18.98
2025-07-30,067310,하나마이크론,KOSDAQ,연기금 30D SELL,12670,5.15,9.47,-0.79,9.16
2025-07-31,025980,아난티,KOSDAQ,연기금 30D SELL,9950,6.08,7.91,5.03,-6.73
2025-07-31,025980,아난티,KOSDAQ,개인 30D BUY,9950,6.08,7.91,5.03,-6.73
2025-07-31,195940,HK이노엔,KOSDAQ,금융투자 10D SELL,45000,6.26,3.31,0.0,6.89
2025-07-31,195940,HK이노엔,KOSDAQ,개인 30D BUY,45000,6.26,3.31,0.0,6.89
2025-07-31,025980,아난티,KOSDAQ,금융투자 10D SELL,9950,6.08,7.91,5.03,-6.73
2025-07-31,195940,HK이노엔,KOSDAQ,연기금 30D SELL,45000,6.26,3.31,0.0,6.89
2025-07-31,007390,네이처셀,KOSDAQ,금융투자 10D SELL,37800,7.23,3.78,-44.31,-44.31
2025-08-01,025980,아난티,KOSDAQ,금융투자 10D SELL,10420,6.76,3.84,0.67,-14.11
2025-08-01,025980,아난티,KOSDAQ,개인 30D BUY,10420,6.76,3.84,0.67,-14.11
2025-08-01,025980,아난티,KOSDAQ,연기금 30D SELL,10420,6.76,3.84,0.67,-14.11
2025-08-04,030530,원익홀딩스,KOSDAQ,연기금 30D SELL,6350,9.11,5.74,-6.77,42.52
2025-08-05,247540,에코프로비엠,KOSDAQ,금융투자 10D SELL,124500,13.7,4.89,4.58,-4.98
2025-08-06,376300,디어유,KOSDAQ,연기금 30D SELL,51500,5.64,3.37,2.33,-4.76
2025-08-06,281740,레이크머티리얼즈,KOSDAQ,금융투자 10D SELL,13300,6.83,3.86,-7.29,-11.05
2025-08-07,042000,카페24,KOSDAQ,개인 30D BUY,45300,6.59,3.06,-12.14,-13.13
2025-08-07,042000,카페24,KOSDAQ,연기금 30D SELL,45300,6.59,3.06,-12.14,-13.13
2025-08-08,214450,파마리서치,KOSDAQ,연기금 30D SELL,664000,9.75,3.58,4.52,1.66
2025-08-08,222800,심텍,KOSDAQ,금융투자 10D SELL,27850,9.22,8.25,-12.03,-10.77
2025-08-08,240810,원익IPS,KOSDAQ,금융투자 10D SELL,35850,10.99,4.76,14.64,10.74
2025-08-08,445680,큐리옥스바이오시스템즈,KOSDAQ,연기금 30D SELL,50200,20.38,4.8,-19.12,-9.36
2025-08-11,122870,와이지엔터테인먼트,KOSDAQ,연기금 30D SELL,104300,10.37,3.45,0.1,-4.89
2025-08-11,007390,네이처셀,KOSDAQ,금융투자 10D SELL,23050,12.44,3.35,-9.98,-1.74
2025-08-11,348370,엔켐,KOSDAQ,개인 30D BUY,87000,16.0,4.15,-3.79,-18.28
2025-08-11,348370,엔켐,KOSDAQ,금융투자 10D SELL,87000,16.0,4.15,-3.79,-18.28
2025-08-11,035760,CJ ENM,KOSDAQ,금융투자 10D SELL,75000,5.78,3.11,2.4,-5.73
2025-08-11,007390,네이처셀,KOSDAQ,연기금 30D SELL,23050,12.44,3.35,-9.98,-1.74
2025-08-12,025980,아난티,KOSDAQ,개인 30D BUY,10730,5.92,3.0,-8.85,-17.61
2025-08-13,213420,덕산네오룩스,KOSDAQ,금융투자 10D SELL,46600,22.15,7.38,3.97,1.29
2025-08-13,095340,ISC,KOSDAQ,금융투자 10D SELL,64400,8.78,4.18,-9.78,7.14
2025-08-19,476060,온코닉테라퓨틱스,KOSDAQ,금융투자 10D SELL,6950,8.81,6.03,-5.58,33.45
2025-08-19,137400,피엔티,KOSDAQ,금융투자 10D SELL,39800,5.15,3.24,-6.53,-6.03
2025-08-19,263750,펄어비스,KOSDAQ,금융투자 10D SELL,31800,6.35,3.31,2.04,5.66
2025-08-19,263750,펄어비스,KOSDAQ,개인 30D BUY,31800,6.35,3.31,2.04,5.66
2025-08-19,263750,펄어비스,KOSDAQ,연기금 30D SELL,31800,6.35,3.31,2.04,5.66
2025-08-19,137400,피엔티,KOSDAQ,개인 30D BUY,39800,5.15,3.24,-6.53,-6.03
2025-08-21,458870,씨어스테크놀로지,KOSDAQ,금융투자 10D SELL,38000,11.27,4.43,59.74,60.0
2025-08-25,319400,현대무벡스,KOSDAQ,연기금 30D SELL,5030,10.43,4.94,49.11,90.66
2025-08-25,030530,원익홀딩스,KOSDAQ,금융투자 10D SELL,6470,7.48,5.1,44.36,94.74
2025-08-25,424870,이뮨온시아,KOSDAQ,개인 30D BUY,5300,8.05,3.81,8.87,13.21
2025-08-25,319400,현대무벡스,KOSDAQ,금융투자 10D SELL,5030,10.43,4.94,49.11,90.66
2025-08-25,277810,레인보우로보틱스,KOSDAQ,금융투자 10D SELL,289500,7.82,5.62,-4.49,8.64
2025-08-25,030530,원익홀딩스,KOSDAQ,연기금 30D SELL,6470,7.48,5.1,44.36,94.74
2025-08-25,424870,이뮨온시아,KOSDAQ,금융투자 10D SELL,5300,8.05,3.81,8.87,13.21
2025-08-25,437730,삼현,KOSDAQ,금융투자 10D SELL,13450,13.98,14.24,10.56,63.57
2025-08-26,376300,디어유,KOSDAQ,금융투자 10D SELL,57200,5.73,3.04,-13.72,-20.89
2025-08-26,048410,현대바이오,KOSDAQ,개인 30D BUY,5230,7.95,3.73,9.94,8.8
2025-08-26,048410,현대바이오,KOSDAQ,금융투자 10D SELL,5230,7.95,3.73,9.94,8.8
2025-08-26,358570,지아이이노베이션,KOSDAQ,연기금 30D SELL,18070,5.98,3.16,1.49,10.46
2025-08-26,376300,디어유,KOSDAQ,개인 30D BUY,57200,5.73,3.04,-13.72,-20.89
2025-08-26,030530,원익홀딩스,KOSDAQ,금융투자 10D SELL,7540,18.93,8.36,49.6,68.44
2025-08-26,031980,피에스케이홀딩스,KOSDAQ,개인 30D BUY,33700,5.64,3.03,13.35,44.07
2025-08-26,031980,피에스케이홀딩스,KOSDAQ,금융투자 10D SELL,33700,5.64,3.03,13.35,44.07
2025-08-26,358570,지아이이노베이션,KOSDAQ,금융투자 10D SELL,18070,5.98,3.16,1.49,10.46
2025-08-26,030530,원익홀딩스,KOSDAQ,연기금 30D SELL,7540,18.93,8.36,49.6,68.44
2025-08-26,031980,피에스케이홀딩스,KOSDAQ,연기금 30D SELL,33700,5.64,3.03,13.35,44.07
2025-08-27,039200,오스코텍,KOSDAQ,금융투자 10D SELL,37000,10.78,3.97,19.73,21.35
2025-08-27,039200,오스코텍,KOSDAQ,연기금 30D SELL,37000,10.78,3.97,19.73,21.35
2025-08-28,067310,하나마이크론,KOSDAQ,금융투자 10D SELL,13830,9.5,6.26,23.72,55.1
2025-08-28,115180,큐리언트,KOSDAQ,금융투자 10D SELL,12110,15.66,5.25,-3.72,30.97
2025-08-28,048410,현대바이오,KOSDAQ,개인 30D BUY,6660,27.59,8.11,-14.41,-16.37
2025-08-28,067310,하나마이크론,KOSDAQ,연기금 30D SELL,13830,9.5,6.26,23.72,55.1
2025-08-28,115180,큐리언트,KOSDAQ,연기금 30D SELL,12110,15.66,5.25,-3.72,30.97
2025-08-28,048410,현대바이오,KOSDAQ,금융투자 10D SELL,6660,27.59,8.11,-14.41,-16.37
2025-08-28,115180,큐리언트,KOSDAQ,개인 30D BUY,12110,15.66,5.25,-3.72,30.97
2025-08-29,347850,디앤디파마텍,KOSDAQ,금융투자 10D SELL,39389,6.78,3.85,1.65,26.81
2025-09-02,226950,올릭스,KOSDAQ,연기금 30D SELL,76400,25.25,6.67,8.9,24.35
2025-09-02,140410,메지온,KOSDAQ,금융투자 10D SELL,48550,14.37,6.31,18.85,33.88
2025-09-02,397030,에이프릴바이오,KOSDAQ,금융투자 10D SELL,24650,6.25,7.14,7.91,25.35
2025-09-02,319400,현대무벡스,KOSDAQ,연기금 30D SELL,6050,23.72,13.35,50.58,53.39
2025-09-02,397030,에이프릴바이오,KOSDAQ,개인 30D BUY,24650,6.25,7.14,7.91,25.35
2025-09-02,160190,하이젠알앤엠,KOSDAQ,개인 30D BUY,38600,8.73,6.28,2.59,12.56
2025-09-03,226950,올릭스,KOSDAQ,연기금 30D SELL,81600,5.15,4.17,0.12,14.95
2025-09-03,226950,올릭스,KOSDAQ,금융투자 10D SELL,81600,5.15,4.17,0.12,14.95
2025-09-03,078160,메디포스트,KOSDAQ,연기금 30D SELL,11150,5.59,4.2,22.69,24.57
2025-09-03,078160,메디포스트,KOSDAQ,금융투자 10D SELL,11150,5.59,4.2,22.69,24.57
2025-09-04,476060,온코닉테라퓨틱스,KOSDAQ,금융투자 10D SELL,7637,12.11,7.16,33.39,113.43
2025-09-04,006730,서부T&D,KOSDAQ,금융투자 10D SELL,10650,11.29,3.85,6.01,-10.8
2025-09-04,140410,메지온,KOSDAQ,금융투자 10D SELL,51100,7.92,4.02,14.68,23.29
2025-09-04,031980,피에스케이홀딩스,KOSDAQ,금융투자 10D SELL,36200,6.78,3.62,22.51,30.52
2025-09-04,095340,ISC,KOSDAQ,금융투자 10D SELL,63300,9.71,3.88,18.17,27.96
2025-09-04,174900,앱클론,KOSDAQ,개인 30D BUY,11350,9.24,3.91,17.53,69.96
2025-09-05,950160,코오롱티슈진,KOSDAQ,연기금 30D SELL,42400,6.67,3.33,6.37,6.13
2025-09-05,039200,오스코텍,KOSDAQ,금융투자 10D SELL,42100,5.51,3.49,3.09,7.6
2025-09-05,476060,온코닉테라퓨틱스,KOSDAQ,금융투자 10D SELL,8337,10.06,4.78,35.24,153.69
2025-09-05,376900,로킷헬스케어,KOSDAQ,금융투자 10D SELL,16570,8.44,5.82,7.42,81.96
2025-09-05,290650,엘앤씨바이오,KOSDAQ,금융투자 10D SELL,42150,25.63,9.76,28.83,22.42
2025-09-05,290650,엘앤씨바이오,KOSDAQ,개인 30D BUY,42150,25.63,9.76,28.83,22.42
2025-09-05,319400,현대무벡스,KOSDAQ,개인 30D BUY,7130,6.58,6.41,28.75,27.77
2025-09-05,950160,코오롱티슈진,KOSDAQ,금융투자 10D SELL,42400,6.67,3.33,6.37,6.13
2025-09-08,204270,제이앤티씨,KOSDAQ,금융투자 10D SELL,19100,7.85,3.46,18.32,28.01
2025-09-08,290650,엘앤씨바이오,KOSDAQ,연기금 30D SELL,48950,8.66,8.78,16.65,1.94
2025-09-08,290650,엘앤씨바이오,KOSDAQ,개인 30D BUY,48950,8.66,8.78,16.65,1.94
2025-09-08,290650,엘앤씨바이오,KOSDAQ,금융투자 10D SELL,48950,8.66,8.78,16.65,1.94
2025-09-09,222800,심텍,KOSDAQ,금융투자 10D SELL,28350,9.04,5.07,31.75,72.13
2025-09-09,437730,삼현,KOSDAQ,금융투자 10D SELL,19330,8.9,8.11,15.62,46.4
2025-09-09,005290,동진쎄미켐,KOSDAQ,금융투자 10D SELL,31700,7.64,3.29,30.44,38.33
2025-09-09,030530,원익홀딩스,KOSDAQ,금융투자 10D SELL,11280,21.55,4.06,12.59,85.28
2025-09-09,005290,동진쎄미켐,KOSDAQ,연기금 30D SELL,31700,7.64,3.29,30.44,38.33
2025-09-09,067310,하나마이크론,KOSDAQ,금융투자 10D SELL,15760,8.61,4.68,29.44,64.97
2025-09-09,030530,원익홀딩스,KOSDAQ,연기금 30D SELL,11280,21.55,4.06,12.59,85.28
2025-09-10,090710,휴림로봇,KOSDAQ,연기금 30D SELL,2995,10.31,7.99,10.52,41.24
2025-09-11,086450,동국제약,KOSDAQ,연기금 30D SELL,19750,6.7,4.12,-3.8,-4.1
2025-09-11,086450,동국제약,KOSDAQ,금융투자 10D SELL,19750,6.7,4.12,-3.8,-4.1
2025-09-11,287840,인투셀,KOSDAQ,금융투자 10D SELL,35000,7.03,4.17,10.0,11.14
2025-09-12,005290,동진쎄미켐,KOSDAQ,연기금 30D SELL,36200,5.69,5.0,11.6,19.2
2025-09-12,310210,보로노이,KOSDAQ,연기금 30D SELL,171100,11.47,3.14,-11.81,1.4
2025-09-12,319400,현대무벡스,KOSDAQ,개인 30D BUY,9060,8.24,3.18,-7.62,17.44
2025-09-12,319400,현대무벡스,KOSDAQ,연기금 30D SELL,9060,8.24,3.18,-7.62,17.44
2025-09-12,005290,동진쎄미켐,KOSDAQ,금융투자 10D SELL,36200,5.69,5.0,11.6,19.2
2025-09-12,290650,엘앤씨바이오,KOSDAQ,개인 30D BUY,59300,23.28,3.85,-15.35,-17.62
2025-09-12,214370,케어젠,KOSDAQ,개인 30D BUY,62200,15.19,3.73,-3.7,-4.02
2025-09-12,290650,엘앤씨바이오,KOSDAQ,연기금 30D SELL,59300,23.28,3.85,-15.35,-17.62
2025-09-12,056190,에스에프에이,KOSDAQ,연기금 30D SELL,25650,7.77,4.34,-5.46,-5.26
2025-09-12,950160,코오롱티슈진,KOSDAQ,연기금 30D SELL,49650,7.24,5.84,-4.73,-11.68
2025-09-12,166090,하나머티리얼즈,KOSDAQ,금융투자 10D SELL,37100,14.51,7.34,6.47,23.72
2025-09-12,290650,엘앤씨바이오,KOSDAQ,금융투자 10D SELL,59300,23.28,3.85,-15.35,-17.62
2025-09-12,056190,에스에프에이,KOSDAQ,금융투자 10D SELL,25650,7.77,4.34,-5.46,-5.26
2025-09-12,950160,코오롱티슈진,KOSDAQ,금융투자 10D SELL,49650,7.24,5.84,-4.73,-11.68
2025-09-12,310210,보로노이,KOSDAQ,금융투자 10D SELL,171100,11.47,3.14,-11.81,1.4
2025-09-15,214370,케어젠,KOSDAQ,개인 30D BUY,68800,7.67,3.38,-12.21,-9.01
2025-09-15,090710,휴림로봇,KOSDAQ,연기금 30D SELL,3635,14.13,8.59,-9.77,64.51
2025-09-16,161580,필옵틱스,KOSDAQ,금융투자 10D SELL,35850,6.86,7.0,4.46,5.16
2025-09-16,161580,필옵틱스,KOSDAQ,개인 30D BUY,35850,6.86,7.0,4.46,5.16
2025-09-17,476060,온코닉테라퓨틱스,KOSDAQ,개인 30D BUY,11175,20.16,5.65,42.51,69.57
2025-09-17,476060,온코닉테라퓨틱스,KOSDAQ,연기금 30D SELL,11175,20.16,5.65,42.51,69.57
2025-09-17,476060,온코닉테라퓨틱스,KOSDAQ,금융투자 10D SELL,11175,20.16,5.65,42.51,69.57
2025-09-18,232140,와이씨,KOSDAQ,연기금 30D SELL,14040,13.59,9.42,7.05,-1.0
2025-09-18,232140,와이씨,KOSDAQ,금융투자 10D SELL,14040,13.59,9.42,7.05,-1.0
2025-09-18,039030,이오테크닉스,KOSDAQ,금융투자 10D SELL,245500,9.35,3.04,-3.05,-5.7
2025-09-18,031980,피에스케이홀딩스,KOSDAQ,금융투자 10D SELL,44350,9.37,4.17,6.54,19.95
2025-09-19,060250,NHN KCP,KOSDAQ,개인 30D BUY,16190,12.9,7.84,13.65,-0.43
2025-09-22,000250,삼천당제약,KOSDAQ,연기금 30D SELL,257000,10.3,4.32,-21.01,-12.06
2025-09-23,950160,코오롱티슈진,KOSDAQ,연기금 30D SELL,52000,13.04,3.46,-14.04,-12.5
2025-09-23,445680,큐리옥스바이오시스템즈,KOSDAQ,개인 30D BUY,62600,9.63,3.14,12.14,7.67
2025-09-23,950160,코오롱티슈진,KOSDAQ,금융투자 10D SELL,52000,13.04,3.46,-14.04,-12.5
2025-09-23,397030,에이프릴바이오,KOSDAQ,개인 30D BUY,29550,6.87,3.34,16.92,2.37
2025-09-23,445680,큐리옥스바이오시스템즈,KOSDAQ,연기금 30D SELL,62600,9.63,3.14,12.14,7.67
2025-09-24,124500,아이티센글로벌,KOSDAQ,개인 30D BUY,17970,10.38,6.44,21.04,8.4
2025-09-24,124500,아이티센글로벌,KOSDAQ,금융투자 10D SELL,17970,10.38,6.44,21.04,8.4
2025-09-24,222800,심텍,KOSDAQ,금융투자 10D SELL,42000,14.29,3.47,21.67,52.86
2025-09-25,115180,큐리언트,KOSDAQ,연기금 30D SELL,15860,5.73,3.88,37.14,18.79
2025-09-25,060250,NHN KCP,KOSDAQ,금융투자 10D SELL,18580,24.11,10.51,-7.7,-13.4
2025-09-25,277810,레인보우로보틱스,KOSDAQ,금융투자 10D SELL,319500,7.94,5.35,7.51,10.17
2025-09-25,445680,큐리옥스바이오시스템즈,KOSDAQ,개인 30D BUY,66700,9.17,3.36,3.45,4.2
2025-09-25,060250,NHN KCP,KOSDAQ,개인 30D BUY,18580,24.11,10.51,-7.7,-13.4
2025-09-25,445680,큐리옥스바이오시스템즈,KOSDAQ,연기금 30D SELL,66700,9.17,3.36,3.45,4.2
2025-09-26,060250,NHN KCP,KOSDAQ,개인 30D BUY,20200,11.6,6.68,-18.91,-21.14
2025-09-26,060250,NHN KCP,KOSDAQ,금융투자 10D SELL,20200,11.6,6.68,-18.91,-21.14
2025-09-30,424870,이뮨온시아,KOSDAQ,연기금 30D SELL,6470,17.42,11.06,-7.11,-7.73
2025-10-02,060280,큐렉소,KOSDAQ,금융투자 10D SELL,9200,7.48,7.12,20.87,32.28
2025-10-02,080220,제주반도체,KOSDAQ,금융투자 10D SELL,20850,11.5,5.21,-0.48,-4.46
2025-10-10,060280,큐렉소,KOSDAQ,금융투자 10D SELL,10060,6.79,4.96,10.64,12.03
2025-10-10,124500,아이티센글로벌,KOSDAQ,개인 30D BUY,22600,16.37,3.04,-12.48,-12.83
2025-10-10,058610,에스피지,KOSDAQ,금융투자 10D SELL,30500,12.34,3.87,2.95,1.64
2025-10-10,043260,성호전자,KOSDAQ,개인 30D BUY,1145,9.57,16.5,55.37,85.15
2025-10-10,043260,성호전자,KOSDAQ,금융투자 10D SELL,1145,9.57,16.5,55.37,85.15
2025-10-10,124500,아이티센글로벌,KOSDAQ,연기금 30D SELL,22600,16.37,3.04,-12.48,-12.83
2025-10-13,043260,성호전자,KOSDAQ,개인 30D BUY,1277,10.28,7.21,47.14,64.45
2025-10-13,043260,성호전자,KOSDAQ,금융투자 10D SELL,1277,10.28,7.21,47.14,64.45
2025-10-13,365340,성일하이텍,KOSDAQ,연기금 30D SELL,37650,9.29,3.74,23.77,9.3
2025-10-13,030530,원익홀딩스,KOSDAQ,금융투자 10D SELL,22700,14.36,3.17,30.4,43.61
2025-10-13,365340,성일하이텍,KOSDAQ,개인 30D BUY,37650,9.29,3.74,23.77,9.3
2025-10-13,083650,비에이치아이,KOSDAQ,개인 30D BUY,57200,6.92,4.33,-13.02,-25.7
2025-10-13,365340,성일하이텍,KOSDAQ,금융투자 10D SELL,37650,9.29,3.74,23.77,9.3
2025-10-13,030530,원익홀딩스,KOSDAQ,연기금 30D SELL,22700,14.36,3.17,30.4,43.61
2025-10-14,319400,현대무벡스,KOSDAQ,개인 30D BUY,10430,17.59,4.3,1.53,-11.79
2025-10-14,090360,로보스타,KOSDAQ,금융투자 10D SELL,62900,28.63,5.27,36.09,25.28
2025-10-14,319400,현대무벡스,KOSDAQ,연기금 30D SELL,10430,17.59,4.3,1.53,-11.79
2025-10-14,043260,성호전자,KOSDAQ,금융투자 10D SELL,1490,14.62,7.99,26.64,39.93
2025-10-14,319400,현대무벡스,KOSDAQ,금융투자 10D SELL,10430,17.59,4.3,1.53,-11.79
2025-10-14,090360,로보스타,KOSDAQ,개인 30D BUY,62900,28.63,5.27,36.09,25.28
2025-10-15,424870,이뮨온시아,KOSDAQ,금융투자 10D SELL,6630,5.24,3.05,-11.46,-13.73
2025-10-15,424870,이뮨온시아,KOSDAQ,개인 30D BUY,6630,5.24,3.05,-11.46,-13.73
2025-10-15,424870,이뮨온시아,KOSDAQ,연기금 30D SELL,6630,5.24,3.05,-11.46,-13.73
2025-10-15,319400,현대무벡스,KOSDAQ,연기금 30D SELL,12800,18.74,4.28,-16.41,-25.86
2025-10-15,319400,현대무벡스,KOSDAQ,개인 30D BUY,12800,18.74,4.28,-16.41,-25.86
2025-10-15,319400,현대무벡스,KOSDAQ,금융투자 10D SELL,12800,18.74,4.28,-16.41,-25.86
2025-10-15,178320,서진시스템,KOSDAQ,금융투자 10D SELL,24450,5.16,3.37,24.13,0.82
2025-10-16,086520,에코프로,KOSDAQ,금융투자 10D SELL,57700,13.81,4.1,54.59,64.12
2025-10-16,247540,에코프로비엠,KOSDAQ,연기금 30D SELL,143000,13.94,4.08,13.71,11.89
2025-10-16,376900,로킷헬스케어,KOSDAQ,연기금 30D SELL,34400,17.81,3.28,2.62,20.49
2025-10-16,078600,대주전자재료,KOSDAQ,금융투자 10D SELL,71800,5.12,3.65,7.24,8.22
2025-10-16,078600,대주전자재료,KOSDAQ,연기금 30D SELL,71800,5.12,3.65,7.24,8.22
2025-10-16,078600,대주전자재료,KOSDAQ,개인 30D BUY,71800,5.12,3.65,7.24,8.22
2025-10-16,376900,로킷헬스케어,KOSDAQ,금융투자 10D SELL,34400,17.81,3.28,2.62,20.49
2025-10-17,086520,에코프로,KOSDAQ,금융투자 10D SELL,73300,18.99,9.46,20.05,22.65
2025-10-20,056080,유진로봇,KOSDAQ,개인 30D BUY,14260,19.13,7.91,-1.12,-16.69
2025-10-20,007390,네이처셀,KOSDAQ,금융투자 10D SELL,27950,7.09,4.14,-11.45,-1.07
2025-10-20,090710,휴림로봇,KOSDAQ,연기금 30D SELL,5980,26.03,3.17,18.56,-8.7
2025-10-20,237690,에스티팜,KOSDAQ,금융투자 10D SELL,105700,7.97,4.76,-4.73,-2.18
2025-10-20,090710,휴림로봇,KOSDAQ,금융투자 10D SELL,5980,26.03,3.17,18.56,-8.7
2025-10-21,121600,나노신소재,KOSDAQ,금융투자 10D SELL,63800,13.93,4.83,4.7,-8.46
2025-10-21,028300,HLB,KOSDAQ,금융투자 10D SELL,45800,7.13,5.51,17.03,3.93
2025-10-21,028300,HLB,KOSDAQ,개인 30D BUY,45800,7.13,5.51,17.03,3.93
2025-10-22,086520,에코프로,KOSDAQ,금융투자 10D SELL,87400,9.52,3.56,6.18,-9.27
2025-10-23,060370,LS마린솔루션,KOSDAQ,연기금 30D SELL,25050,6.6,3.52,8.18,4.59
2025-10-23,060370,LS마린솔루션,KOSDAQ,금융투자 10D SELL,25050,6.6,3.52,8.18,4.59
2025-10-23,060370,LS마린솔루션,KOSDAQ,개인 30D BUY,25050,6.6,3.52,8.18,4.59
2025-10-24,090360,로보스타,KOSDAQ,연기금 30D SELL,79800,16.16,3.2,-3.26,-20.55
2025-10-24,090360,로보스타,KOSDAQ,개인 30D BUY,79800,16.16,3.2,-3.26,-20.55
2025-10-24,214150,클래시스,KOSDAQ,개인 30D BUY,52400,6.18,4.43,-10.97,5.53
2025-10-24,348370,엔켐,KOSDAQ,금융투자 10D SELL,96000,10.09,3.09,-16.67,-35.52
2025-10-24,082270,젬백스,KOSDAQ,연기금 30D SELL,45250,15.73,4.43,20.44,-18.01
2025-10-24,137400,피엔티,KOSDAQ,금융투자 10D SELL,46700,9.62,3.05,-11.03,-17.34
2025-10-24,222080,씨아이에스,KOSDAQ,금융투자 10D SELL,8100,5.61,3.32,-14.2,-17.65
2025-10-24,214150,클래시스,KOSDAQ,연기금 30D SELL,52400,6.18,4.43,-10.97,5.53
2025-10-24,082270,젬백스,KOSDAQ,개인 30D BUY,45250,15.73,4.43,20.44,-18.01
2025-10-24,078600,대주전자재료,KOSDAQ,금융투자 10D SELL,81900,10.23,4.25,-12.33,-14.77
2025-10-27,100790,미래에셋벤처투자,KOSDAQ,금융투자 10D SELL,8700,12.4,3.66,-4.14,-11.95
2025-10-28,060370,LS마린솔루션,KOSDAQ,금융투자 10D SELL,28200,13.25,6.16,-3.37,-6.74
2025-10-28,060370,LS마린솔루션,KOSDAQ,개인 30D BUY,28200,13.25,6.16,-3.37,-6.74
2025-10-30,032820,우리기술,KOSDAQ,연기금 30D SELL,5240,7.6,4.45,-19.75,-26.43
2025-10-31,347850,디앤디파마텍,KOSDAQ,금융투자 10D SELL,69569,15.83,3.64,22.47,36.27
2025-10-31,348340,뉴로메카,KOSDAQ,연기금 30D SELL,31900,10.38,6.44,-15.52,-3.61
2025-10-31,347850,디앤디파마텍,KOSDAQ,연기금 30D SELL,69569,15.83,3.64,22.47,36.27
2025-10-31,328130,루닛,KOSDAQ,연기금 30D SELL,42950,5.92,3.2,-11.18,-6.75
2025-11-03,323280,태성,KOSDAQ,개인 30D BUY,27300,13.04,3.47,37.0,47.07
2025-11-03,323280,태성,KOSDAQ,연기금 30D SELL,27300,13.04,3.47,37.0,47.07
2025-11-04,039030,이오테크닉스,KOSDAQ,연기금 30D SELL,293500,15.78,4.2,-6.3,-5.96
2025-11-06,060280,큐렉소,KOSDAQ,개인 30D BUY,12170,5.73,4.16,-17.83,15.04
2025-11-07,241710,코스메카코리아,KOSDAQ,금융투자 10D SELL,76900,9.08,5.61,-5.98,-11.7
2025-11-10,257720,실리콘투,KOSDAQ,개인 30D BUY,44200,9.81,4.2,5.54,-5.2
2025-11-10,257720,실리콘투,KOSDAQ,금융투자 10D SELL,44200,9.81,4.2,5.54,-5.2
2025-11-10,112040,위메이드,KOSDAQ,연기금 30D SELL,27700,6.33,4.98,-9.57,-0.36
2025-11-10,112040,위메이드,KOSDAQ,개인 30D BUY,27700,6.33,4.98,-9.57,-0.36
2025-11-11,082270,젬백스,KOSDAQ,연기금 30D SELL,40700,12.43,3.53,-15.23,-21.25
2025-11-12,141080,리가켐바이오,KOSDAQ,연기금 30D SELL,170700,15.03,5.04,8.73,10.66
2025-11-13,376900,로킷헬스케어,KOSDAQ,연기금 30D SELL,41450,9.08,3.15,77.08,77.56
2025-11-13,166090,하나머티리얼즈,KOSDAQ,연기금 30D SELL,46500,23.51,5.03,-6.24,-6.34
2025-11-13,376900,로킷헬스케어,KOSDAQ,개인 30D BUY,41450,9.08,3.15,77.08,77.56
2025-11-13,298380,에이비엘바이오,KOSDAQ,연기금 30D SELL,163500,6.86,6.09,6.91,20.06
2025-11-13,376900,로킷헬스케어,KOSDAQ,금융투자 10D SELL,41450,9.08,3.15,77.08,77.56
2025-11-13,424870,이뮨온시아,KOSDAQ,개인 30D BUY,6190,8.22,10.77,75.12,128.59
2025-11-14,458870,씨어스테크놀로지,KOSDAQ,개인 30D BUY,130000,25.48,6.26,3.85,-13.0
2025-11-14,298380,에이비엘바이오,KOSDAQ,연기금 30D SELL,174200,6.54,4.56,7.92,9.07
2025-11-17,424870,이뮨온시아,KOSDAQ,개인 30D BUY,6980,6.73,5.1,44.27,120.34
2025-11-17,006730,서부T&D,KOSDAQ,연기금 30D SELL,10300,7.29,6.54,11.94,29.81
2025-11-17,006730,서부T&D,KOSDAQ,금융투자 10D SELL,10300,7.29,6.54,11.94,29.81
2025-11-18,006730,서부T&D,KOSDAQ,연기금 30D SELL,10790,5.58,5.08,5.28,16.68
2025-11-20,006730,서부T&D,KOSDAQ,연기금 30D SELL,12480,14.6,3.69,-10.66,-1.84
2025-11-21,950160,코오롱티슈진,KOSDAQ,금융투자 10D SELL,65000,15.25,3.57,23.08,14.92
2025-11-21,058610,에스피지,KOSDAQ,금융투자 10D SELL,46100,12.58,5.05,44.47,94.79
2025-11-21,214370,케어젠,KOSDAQ,금융투자 10D SELL,78200,16.2,4.23,-6.78,-13.3
2025-11-26,437730,삼현,KOSDAQ,개인 30D BUY,32000,13.68,5.45,55.47,79.69
2025-11-26,424870,이뮨온시아,KOSDAQ,금융투자 10D SELL,8770,14.19,4.44,32.04,49.49
2025-11-26,082920,비츠로셀,KOSDAQ,연기금 30D SELL,14786,11.19,4.17,20.52,23.97
2025-11-26,437730,삼현,KOSDAQ,연기금 30D SELL,32000,13.68,5.45,55.47,79.69
2025-11-26,082920,비츠로셀,KOSDAQ,금융투자 10D SELL,14786,11.19,4.17,20.52,23.97
2025-11-27,437730,삼현,KOSDAQ,연기금 30D SELL,41600,27.02,6.53,19.71,32.93
2025-11-27,424870,이뮨온시아,KOSDAQ,금융투자 10D SELL,10840,23.6,3.75,30.54,31.92
2025-11-27,424870,이뮨온시아,KOSDAQ,연기금 30D SELL,10840,23.6,3.75,30.54,31.92
2025-11-28,100790,미래에셋벤처투자,KOSDAQ,연기금 30D SELL,9390,10.08,5.55,12.89,36.32
2025-11-28,042000,카페24,KOSDAQ,연기금 30D SELL,34750,11.56,3.85,-5.47,-13.24
2025-11-28,100790,미래에셋벤처투자,KOSDAQ,개인 30D BUY,9390,10.08,5.55,12.89,36.32
2025-11-28,319400,현대무벡스,KOSDAQ,개인 30D BUY,9410,6.93,3.28,19.98,116.26
2025-11-28,950160,코오롱티슈진,KOSDAQ,금융투자 10D SELL,85400,22.0,3.66,-4.92,-8.08
2025-12-01,005290,동진쎄미켐,KOSDAQ,연기금 30D SELL,40150,8.22,5.23,-8.97,-8.72
2025-12-03,032190,다우데이타,KOSDAQ,금융투자 10D SELL,19360,7.74,4.45,3.25,
2025-12-03,090360,로보스타,KOSDAQ,연기금 30D SELL,78000,6.27,3.87,-7.31,
2025-12-04,108490,로보티즈,KOSDAQ,금융투자 10D SELL,288000,6.86,3.22,-7.29,
2025-12-04,030530,원익홀딩스,KOSDAQ,개인 30D BUY,27750,12.8,4.67,16.4,
2025-12-05,083650,비에이치아이,KOSDAQ,연기금 30D SELL,59600,13.96,6.05,-7.89,
2025-12-05,232140,와이씨,KOSDAQ,연기금 30D SELL,15100,7.78,3.88,-8.68,
2025-12-08,043260,성호전자,KOSDAQ,개인 30D BUY,3860,22.15,8.93,105.7,
2025-12-08,295310,에이치브이엠,KOSDAQ,개인 30D BUY,26000,5.48,5.5,100.77,
2025-12-08,319400,현대무벡스,KOSDAQ,개인 30D BUY,10940,10.28,3.83,47.44,
2025-12-09,466100,클로봇,KOSDAQ,금융투자 10D SELL,48650,5.99,3.45,35.87,
2025-12-09,082920,비츠로셀,KOSDAQ,연기금 30D SELL,19430,10.0,4.25,-2.21,
2025-12-10,281740,레이크머티리얼즈,KOSDAQ,연기금 30D SELL,16130,6.47,8.55,-7.5,
2025-12-10,124500,아이티센글로벌,KOSDAQ,금융투자 10D SELL,25750,13.44,7.72,28.93,
2025-12-11,347700,스피어,KOSDAQ,금융투자 10D SELL,9480,9.47,5.45,37.24,
2025-12-11,056080,유진로봇,KOSDAQ,금융투자 10D SELL,14840,7.46,5.52,-6.67,
2025-12-11,003380,하림지주,KOSDAQ,개인 30D BUY,11530,21.62,6.36,-8.33,
2025-12-11,003380,하림지주,KOSDAQ,금융투자 10D SELL,11530,21.62,6.36,-8.33,
2025-12-12,099320,쎄트렉아이,KOSDAQ,연기금 30D SELL,58000,9.23,3.95,10.0,
2025-12-12,099320,쎄트렉아이,KOSDAQ,개인 30D BUY,58000,9.23,3.95,10.0,
2025-12-12,319400,현대무벡스,KOSDAQ,개인 30D BUY,11290,9.4,3.22,80.25,
2025-12-15,090710,휴림로봇,KOSDAQ,연기금 30D SELL,6280,8.28,3.34,18.63,
2025-12-15,090710,휴림로봇,KOSDAQ,개인 30D BUY,6280,8.28,3.34,18.63,
2025-12-15,347700,스피어,KOSDAQ,금융투자 10D SELL,12040,7.5,6.14,22.01,
2025-12-16,376300,디어유,KOSDAQ,개인 30D BUY,35900,7.97,3.41,,
2025-12-16,140410,메지온,KOSDAQ,개인 30D BUY,97000,28.99,7.05,,
2025-12-16,376300,디어유,KOSDAQ,연기금 30D SELL,35900,7.97,3.41,,
2025-12-18,295310,에이치브이엠,KOSDAQ,연기금 30D SELL,41750,13.3,4.83,,
2025-12-18,319400,현대무벡스,KOSDAQ,연기금 30D SELL,13600,11.29,3.33,,
2025-12-18,100790,미래에셋벤처투자,KOSDAQ,연기금 30D SELL,14240,21.09,8.94,,
2025-12-18,319400,현대무벡스,KOSDAQ,개인 30D BUY,13600,11.29,3.33,,
2025-12-18,100790,미래에셋벤처투자,KOSDAQ,개인 30D BUY,14240,21.09,8.94,,
2025-12-22,189300,인텔리안테크,KOSDAQ,연기금 30D SELL,60500,15.24,6.62,,
2025-12-22,295310,에이치브이엠,KOSDAQ,연기금 30D SELL,52200,6.86,4.89,,
2025-12-22,099320,쎄트렉아이,KOSDAQ,개인 30D BUY,65800,7.87,3.29,,
2025-12-22,100790,미래에셋벤처투자,KOSDAQ,개인 30D BUY,22200,20.39,4.49,,
2025-12-22,319400,현대무벡스,KOSDAQ,연기금 30D SELL,16130,18.26,3.45,,
2025-12-22,036810,에프에스티,KOSDAQ,연기금 30D SELL,33816,10.71,4.04,,
2025-12-22,218410,RFHIC,KOSDAQ,연기금 30D SELL,36200,11.56,3.3,,
2025-12-22,319400,현대무벡스,KOSDAQ,금융투자 10D SELL,16130,18.26,3.45,,
2025-12-22,100790,미래에셋벤처투자,KOSDAQ,금융투자 10D SELL,22200,20.39,4.49,,
2025-12-22,295310,에이치브이엠,KOSDAQ,개인 30D BUY,52200,6.86,4.89,,
2025-12-22,319400,현대무벡스,KOSDAQ,개인 30D BUY,16130,18.26,3.45,,
2025-12-23,124500,아이티센글로벌,KOSDAQ,금융투자 10D SELL,31050,8.19,3.04,,
2025-12-26,476060,온코닉테라퓨틱스,KOSDAQ,연기금 30D SELL,21800,14.02,3.31,,
2025-12-26,476060,온코닉테라퓨틱스,KOSDAQ,개인 30D BUY,21800,14.02,3.31,,
2025-12-29,403870,HPSP,KOSDAQ,연기금 30D SELL,33200,6.07,3.52,,
2025-12-29,090710,휴림로봇,KOSDAQ,금융투자 10D SELL,7980,26.67,4.94,,
2025-12-30,131970,두산테스나,KOSDAQ,연기금 30D SELL,53200,6.51,4.04,,
2025-12-30,122870,와이지엔터테인먼트,KOSDAQ,개인 30D BUY,69400,6.93,3.11,,
