VR,Price,Z_Score,ATR_Mult,Period,Years,Signals,Signals_Per_Week,Avg_Return,Median_Return,Win_Rate,Std,Sharpe
3.0,5.0,None,None,IS,4,3154,15.2,2.38,-2.02,44.8,23.03,0.103
3.0,5.0,None,None,OOS,1,1187,22.8,8.92,2.69,51.1,26.96,0.331
3.0,5.0,None,1.3,IS,4,3141,15.1,2.38,-2.01,44.8,23.05,0.103
3.0,5.0,None,1.3,OOS,1,1183,22.8,8.89,2.67,51.1,26.98,0.329
3.0,5.0,None,1.5,IS,4,3115,15.0,2.39,-2.02,44.8,23.01,0.104
3.0,5.0,None,1.5,OOS,1,1170,22.5,8.92,2.69,51.2,27.07,0.33
3.0,5.0,None,2.0,IS,4,2831,13.6,2.43,-2.02,44.7,23.25,0.105
3.0,5.0,None,2.0,OOS,1,1038,20.0,8.53,2.37,51.3,25.89,0.33
3.0,5.0,1.5,None,IS,4,2773,13.3,1.98,-2.22,44.1,22.46,0.088
3.0,5.0,1.5,None,OOS,1,1086,20.9,8.59,2.67,51.3,26.79,0.321
3.0,5.0,1.5,1.3,IS,4,2762,13.3,2.0,-2.2,44.2,22.47,0.089
3.0,5.0,1.5,1.3,OOS,1,1083,20.8,8.57,2.67,51.3,26.8,0.32
3.0,5.0,1.5,1.5,IS,4,2744,13.2,1.98,-2.23,44.1,22.42,0.088
3.0,5.0,1.5,1.5,OOS,1,1072,20.6,8.59,2.67,51.3,26.89,0.32
3.0,5.0,1.5,2.0,IS,4,2531,12.2,2.05,-2.17,44.4,22.56,0.091
3.0,5.0,1.5,2.0,OOS,1,966,18.6,8.23,2.34,51.1,25.77,0.319
3.0,5.0,2.0,None,IS,4,2636,12.7,2.07,-2.21,44.0,22.63,0.091
3.0,5.0,2.0,None,OOS,1,1034,19.9,8.62,2.84,51.8,26.97,0.32
3.0,5.0,2.0,1.3,IS,4,2626,12.6,2.08,-2.2,44.0,22.65,0.092
3.0,5.0,2.0,1.3,OOS,1,1031,19.8,8.6,2.84,51.9,26.98,0.319
3.0,5.0,2.0,1.5,IS,4,2609,12.5,2.07,-2.23,44.0,22.59,0.092
3.0,5.0,2.0,1.5,OOS,1,1020,19.6,8.62,2.84,51.9,27.07,0.318
3.0,5.0,2.0,2.0,IS,4,2416,11.6,2.17,-2.15,44.3,22.71,0.096
3.0,5.0,2.0,2.0,OOS,1,921,17.7,8.26,2.63,51.7,25.92,0.319
3.0,5.0,2.5,None,IS,4,2467,11.9,2.1,-2.18,44.3,22.66,0.093
3.0,5.0,2.5,None,OOS,1,957,18.4,7.82,2.37,51.4,25.65,0.305
3.0,5.0,2.5,1.3,IS,4,2457,11.8,2.12,-2.18,44.3,22.68,0.093
3.0,5.0,2.5,1.3,OOS,1,955,18.4,7.83,2.37,51.5,25.67,0.305
3.0,5.0,2.5,1.5,IS,4,2440,11.7,2.11,-2.2,44.3,22.62,0.093
3.0,5.0,2.5,1.5,OOS,1,944,18.2,7.84,2.37,51.5,25.76,0.305
3.0,5.0,2.5,2.0,IS,4,2272,10.9,2.26,-2.11,44.6,22.85,0.099
3.0,5.0,2.5,2.0,OOS,1,866,16.7,7.87,2.23,51.4,25.88,0.304
3.0,5.0,3.0,None,IS,4,2277,10.9,1.89,-2.24,44.3,21.63,0.087
3.0,5.0,3.0,None,OOS,1,877,16.9,8.08,2.66,51.5,25.82,0.313
3.0,5.0,3.0,1.3,IS,4,2267,10.9,1.91,-2.24,44.3,21.65,0.088
3.0,5.0,3.0,1.3,OOS,1,875,16.8,8.09,2.67,51.7,25.83,0.313
3.0,5.0,3.0,1.5,IS,4,2253,10.8,1.89,-2.25,44.3,21.58,0.088
3.0,5.0,3.0,1.5,OOS,1,867,16.7,8.08,2.66,51.7,25.89,0.312
3.0,5.0,3.0,2.0,IS,4,2121,10.2,2.06,-2.13,44.6,21.77,0.095
3.0,5.0,3.0,2.0,OOS,1,800,15.4,8.03,2.53,51.6,25.9,0.31
3.0,7.0,None,None,IS,4,2192,10.5,2.92,-1.99,45.5,24.72,0.118
3.0,7.0,None,None,OOS,1,874,16.8,9.62,3.17,51.8,28.86,0.334
3.0,7.0,None,1.3,IS,4,2186,10.5,2.93,-1.99,45.5,24.75,0.118
3.0,7.0,None,1.3,OOS,1,872,16.8,9.64,3.21,51.9,28.87,0.334
3.0,7.0,None,1.5,IS,4,2179,10.5,2.89,-2.0,45.4,24.68,0.117
3.0,7.0,None,1.5,OOS,1,867,16.7,9.71,3.26,52.0,28.93,0.336
3.0,7.0,None,2.0,IS,4,2081,10.0,2.83,-2.01,45.4,24.74,0.115
3.0,7.0,None,2.0,OOS,1,818,15.7,9.17,2.83,52.0,27.41,0.335
3.0,7.0,1.5,None,IS,4,1967,9.5,2.5,-2.13,45.2,24.05,0.104
3.0,7.0,1.5,None,OOS,1,811,15.6,9.32,3.08,51.8,28.75,0.324
3.0,7.0,1.5,1.3,IS,4,1962,9.4,2.52,-2.13,45.2,24.07,0.105
3.0,7.0,1.5,1.3,OOS,1,809,15.6,9.34,3.1,51.9,28.77,0.325
3.0,7.0,1.5,1.5,IS,4,1956,9.4,2.48,-2.14,45.1,23.99,0.103
3.0,7.0,1.5,1.5,OOS,1,805,15.5,9.39,3.1,51.9,28.82,0.326
3.0,7.0,1.5,2.0,IS,4,1884,9.1,2.43,-2.14,45.3,24.0,0.101
3.0,7.0,1.5,2.0,OOS,1,768,14.8,8.71,2.67,51.7,27.15,0.321
3.0,7.0,2.0,None,IS,4,1881,9.0,2.59,-2.13,45.1,24.23,0.107
3.0,7.0,2.0,None,OOS,1,775,14.9,9.35,3.1,52.0,29.01,0.322
3.0,7.0,2.0,1.3,IS,4,1876,9.0,2.61,-2.11,45.1,24.26,0.108
3.0,7.0,2.0,1.3,OOS,1,773,14.9,9.37,3.11,52.1,29.03,0.323
3.0,7.0,2.0,1.5,IS,4,1871,9.0,2.58,-2.13,45.1,24.17,0.107
3.0,7.0,2.0,1.5,OOS,1,769,14.8,9.42,3.11,52.1,29.08,0.324
3.0,7.0,2.0,2.0,IS,4,1805,8.7,2.56,-2.13,45.3,24.18,0.106
3.0,7.0,2.0,2.0,OOS,1,735,14.1,8.72,2.77,52.0,27.33,0.319
3.0,7.0,2.5,None,IS,4,1784,8.6,2.64,-2.17,45.1,24.41,0.108
3.0,7.0,2.5,None,OOS,1,733,14.1,8.58,2.63,51.4,27.46,0.312
3.0,7.0,2.5,1.3,IS,4,1779,8.6,2.66,-2.15,45.1,24.44,0.109
3.0,7.0,2.5,1.3,OOS,1,731,14.1,8.6,2.65,51.6,27.48,0.313
3.0,7.0,2.5,1.5,IS,4,1774,8.5,2.63,-2.17,45.0,24.35,0.108
3.0,7.0,2.5,1.5,OOS,1,727,14.0,8.64,2.65,51.6,27.53,0.314
3.0,7.0,2.5,2.0,IS,4,1716,8.2,2.64,-2.13,45.3,24.33,0.108
3.0,7.0,2.5,2.0,OOS,1,699,13.4,8.48,2.35,51.5,27.48,0.309
3.0,7.0,3.0,None,IS,4,1669,8.0,2.49,-2.18,45.2,23.24,0.107
3.0,7.0,3.0,None,OOS,1,677,13.0,8.68,2.72,51.4,27.52,0.316
3.0,7.0,3.0,1.3,IS,4,1664,8.0,2.51,-2.17,45.2,23.26,0.108
3.0,7.0,3.0,1.3,OOS,1,675,13.0,8.7,2.77,51.6,27.54,0.316
3.0,7.0,3.0,1.5,IS,4,1660,8.0,2.46,-2.18,45.1,23.17,0.106
3.0,7.0,3.0,1.5,OOS,1,672,12.9,8.73,2.72,51.5,27.57,0.317
3.0,7.0,3.0,2.0,IS,4,1616,7.8,2.45,-2.14,45.4,23.12,0.106
3.0,7.0,3.0,2.0,OOS,1,645,12.4,8.56,2.53,51.5,27.5,0.311
3.0,10.0,None,None,IS,4,1245,6.0,3.78,-1.78,45.9,26.62,0.142
3.0,10.0,None,None,OOS,1,519,10.0,9.0,1.23,47.8,30.89,0.291
3.0,10.0,None,1.3,IS,4,1242,6.0,3.81,-1.78,45.9,26.64,0.143
3.0,10.0,None,1.3,OOS,1,518,10.0,9.02,1.25,47.9,30.92,0.292
3.0,10.0,None,1.5,IS,4,1238,6.0,3.74,-1.87,45.8,26.55,0.141
3.0,10.0,None,1.5,OOS,1,517,9.9,9.08,1.27,48.0,30.92,0.294
3.0,10.0,None,2.0,IS,4,1204,5.8,3.6,-2.07,45.7,26.46,0.136
3.0,10.0,None,2.0,OOS,1,502,9.7,8.51,1.05,48.0,28.88,0.295
3.0,10.0,1.5,None,IS,4,1125,5.4,3.5,-2.0,45.8,26.09,0.134
3.0,10.0,1.5,None,OOS,1,497,9.6,8.71,1.05,47.7,30.92,0.282
3.0,10.0,1.5,1.3,IS,4,1122,5.4,3.53,-2.0,45.8,26.11,0.135
3.0,10.0,1.5,1.3,OOS,1,496,9.5,8.73,1.2,47.8,30.95,0.282
3.0,10.0,1.5,1.5,IS,4,1118,5.4,3.45,-2.07,45.7,26.0,0.133
3.0,10.0,1.5,1.5,OOS,1,495,9.5,8.8,1.23,47.9,30.95,0.284
3.0,10.0,1.5,2.0,IS,4,1098,5.3,3.26,-2.17,45.7,25.79,0.126
3.0,10.0,1.5,2.0,OOS,1,482,9.3,8.24,0.9,47.9,28.79,0.286
3.0,10.0,2.0,None,IS,4,1089,5.2,3.6,-2.0,45.8,26.18,0.138
3.0,10.0,2.0,None,OOS,1,481,9.2,8.85,1.05,47.8,31.16,0.284
3.0,10.0,2.0,1.3,IS,4,1086,5.2,3.63,-1.98,45.9,26.21,0.138
3.0,10.0,2.0,1.3,OOS,1,480,9.2,8.88,1.2,47.9,31.19,0.285
3.0,10.0,2.0,1.5,IS,4,1082,5.2,3.55,-2.0,45.7,26.1,0.136
3.0,10.0,2.0,1.5,OOS,1,479,9.2,8.95,1.23,48.0,31.19,0.287
3.0,10.0,2.0,2.0,IS,4,1065,5.1,3.38,-2.15,45.8,25.88,0.13
3.0,10.0,2.0,2.0,OOS,1,467,9.0,8.37,1.05,48.2,28.94,0.289
3.0,10.0,2.5,None,IS,4,1046,5.0,3.68,-2.0,46.1,26.36,0.14
3.0,10.0,2.5,None,OOS,1,461,8.9,8.04,0.49,47.1,28.89,0.278
3.0,10.0,2.5,1.3,IS,4,1043,5.0,3.71,-2.0,46.1,26.39,0.14
3.0,10.0,2.5,1.3,OOS,1,460,8.8,8.06,0.55,47.2,28.92,0.279
3.0,10.0,2.5,1.5,IS,4,1039,5.0,3.62,-2.0,46.0,26.27,0.138
3.0,10.0,2.5,1.5,OOS,1,459,8.8,8.14,0.56,47.3,28.92,0.281
3.0,10.0,2.5,2.0,IS,4,1024,4.9,3.44,-2.14,46.0,26.02,0.132
3.0,10.0,2.5,2.0,OOS,1,450,8.7,8.16,0.55,47.6,29.04,0.281
3.0,10.0,3.0,None,IS,4,993,4.8,3.75,-1.78,46.4,26.41,0.142
3.0,10.0,3.0,None,OOS,1,429,8.2,8.49,0.58,47.8,29.06,0.292
3.0,10.0,3.0,1.3,IS,4,990,4.8,3.77,-1.78,46.5,26.44,0.143
3.0,10.0,3.0,1.3,OOS,1,428,8.2,8.51,0.59,47.9,29.09,0.293
3.0,10.0,3.0,1.5,IS,4,986,4.7,3.69,-1.87,46.3,26.31,0.14
3.0,10.0,3.0,1.5,OOS,1,427,8.2,8.59,0.75,48.0,29.09,0.295
3.0,10.0,3.0,2.0,IS,4,973,4.7,3.5,-2.0,46.4,26.05,0.134
3.0,10.0,3.0,2.0,OOS,1,418,8.0,8.63,0.59,48.3,29.21,0.295
3.5,5.0,None,None,IS,4,2520,12.1,2.57,-2.12,44.5,23.84,0.108
3.5,5.0,None,None,OOS,1,898,17.3,9.31,3.26,51.8,28.09,0.331
3.5,5.0,None,1.3,IS,4,2510,12.1,2.55,-2.13,44.5,23.86,0.107
3.5,5.0,None,1.3,OOS,1,897,17.2,9.31,3.26,51.8,28.09,0.331
3.5,5.0,None,1.5,IS,4,2499,12.0,2.57,-2.13,44.5,23.79,0.108
3.5,5.0,None,1.5,OOS,1,892,17.2,9.31,3.26,51.9,28.11,0.331
3.5,5.0,None,2.0,IS,4,2349,11.3,2.66,-2.02,44.7,23.95,0.111
3.5,5.0,None,2.0,OOS,1,838,16.1,8.87,2.84,51.7,26.73,0.332
3.5,5.0,1.5,None,IS,4,2268,10.9,2.12,-2.38,43.8,23.17,0.091
3.5,5.0,1.5,None,OOS,1,839,16.1,9.13,3.55,52.1,27.96,0.327
3.5,5.0,1.5,1.3,IS,4,2260,10.9,2.12,-2.38,43.8,23.19,0.091
3.5,5.0,1.5,1.3,OOS,1,838,16.1,9.13,3.55,52.1,27.96,0.327
3.5,5.0,1.5,1.5,IS,4,2252,10.8,2.1,-2.38,43.7,23.12,0.091
3.5,5.0,1.5,1.5,OOS,1,833,16.0,9.14,3.55,52.2,27.99,0.326
3.5,5.0,1.5,2.0,IS,4,2139,10.3,2.21,-2.25,44.2,23.19,0.095
3.5,5.0,1.5,2.0,OOS,1,786,15.1,8.54,3.03,51.7,26.47,0.323
3.5,5.0,2.0,None,IS,4,2184,10.5,2.23,-2.27,44.0,23.29,0.096
3.5,5.0,2.0,None,OOS,1,808,15.5,9.28,3.57,52.5,28.28,0.328
3.5,5.0,2.0,1.3,IS,4,2176,10.5,2.23,-2.27,44.0,23.32,0.096
3.5,5.0,2.0,1.3,OOS,1,807,15.5,9.28,3.57,52.5,28.28,0.328
3.5,5.0,2.0,1.5,IS,4,2168,10.4,2.21,-2.27,44.0,23.24,0.095
3.5,5.0,2.0,1.5,OOS,1,802,15.4,9.28,3.57,52.6,28.3,0.328
3.5,5.0,2.0,2.0,IS,4,2062,9.9,2.34,-2.14,44.4,23.31,0.101
3.5,5.0,2.0,2.0,OOS,1,757,14.6,8.68,3.11,52.2,26.73,0.325
3.5,5.0,2.5,None,IS,4,2072,10.0,2.21,-2.29,44.2,23.23,0.095
3.5,5.0,2.5,None,OOS,1,762,14.7,8.49,2.86,51.7,26.92,0.316
3.5,5.0,2.5,1.3,IS,4,2064,9.9,2.21,-2.29,44.1,23.25,0.095
3.5,5.0,2.5,1.3,OOS,1,761,14.6,8.49,2.86,51.8,26.92,0.316
3.5,5.0,2.5,1.5,IS,4,2056,9.9,2.2,-2.29,44.1,23.18,0.095
3.5,5.0,2.5,1.5,OOS,1,756,14.5,8.49,2.86,51.9,26.94,0.315
3.5,5.0,2.5,2.0,IS,4,1960,9.4,2.39,-2.13,44.6,23.41,0.102
3.5,5.0,2.5,2.0,OOS,1,720,13.8,8.34,2.67,51.7,26.82,0.311
3.5,5.0,3.0,None,IS,4,1959,9.4,1.86,-2.37,44.1,21.9,0.085
3.5,5.0,3.0,None,OOS,1,718,13.8,8.58,3.17,51.9,26.74,0.321
3.5,5.0,3.0,1.3,IS,4,1951,9.4,1.86,-2.37,44.0,21.92,0.085
3.5,5.0,3.0,1.3,OOS,1,717,13.8,8.58,3.17,52.0,26.74,0.321
3.5,5.0,3.0,1.5,IS,4,1944,9.3,1.84,-2.36,44.0,21.83,0.084
3.5,5.0,3.0,1.5,OOS,1,712,13.7,8.58,3.17,52.1,26.76,0.321
3.5,5.0,3.0,2.0,IS,4,1867,9.0,2.05,-2.18,44.5,22.07,0.093
3.5,5.0,3.0,2.0,OOS,1,676,13.0,8.42,2.84,51.9,26.63,0.316
3.5,7.0,None,None,IS,4,1851,8.9,2.8,-2.28,44.5,25.02,0.112
3.5,7.0,None,None,OOS,1,707,13.6,10.09,3.6,52.5,29.85,0.338
3.5,7.0,None,1.3,IS,4,1845,8.9,2.81,-2.28,44.4,25.06,0.112
3.5,7.0,None,1.3,OOS,1,706,13.6,10.09,3.6,52.5,29.85,0.338
3.5,7.0,None,1.5,IS,4,1842,8.9,2.76,-2.28,44.4,24.97,0.111
3.5,7.0,None,1.5,OOS,1,705,13.6,10.14,3.64,52.6,29.85,0.34
3.5,7.0,None,2.0,IS,4,1791,8.6,2.83,-2.24,44.7,25.14,0.113
3.5,7.0,None,2.0,OOS,1,681,13.1,9.83,3.57,52.6,28.27,0.348
3.5,7.0,1.5,None,IS,4,1697,8.2,2.36,-2.37,44.2,24.31,0.097
3.5,7.0,1.5,None,OOS,1,662,12.7,9.73,3.59,52.4,29.65,0.328
3.5,7.0,1.5,1.3,IS,4,1692,8.1,2.38,-2.36,44.2,24.34,0.098
3.5,7.0,1.5,1.3,OOS,1,661,12.7,9.73,3.59,52.5,29.65,0.328
3.5,7.0,1.5,1.5,IS,4,1689,8.1,2.32,-2.37,44.2,24.24,0.096
3.5,7.0,1.5,1.5,OOS,1,660,12.7,9.78,3.59,52.6,29.65,0.33
3.5,7.0,1.5,2.0,IS,4,1649,7.9,2.39,-2.32,44.5,24.36,0.098
3.5,7.0,1.5,2.0,OOS,1,641,12.3,9.3,3.35,52.3,27.91,0.333
3.5,7.0,2.0,None,IS,4,1640,7.9,2.46,-2.29,44.3,24.48,0.101
3.5,7.0,2.0,None,OOS,1,636,12.2,9.92,3.6,52.7,30.07,0.33
3.5,7.0,2.0,1.3,IS,4,1635,7.9,2.49,-2.28,44.3,24.51,0.101
3.5,7.0,2.0,1.3,OOS,1,635,12.2,9.92,3.6,52.8,30.07,0.33
3.5,7.0,2.0,1.5,IS,4,1632,7.8,2.43,-2.29,44.3,24.41,0.099
3.5,7.0,2.0,1.5,OOS,1,634,12.2,9.97,3.64,52.8,30.07,0.332
3.5,7.0,2.0,2.0,IS,4,1595,7.7,2.5,-2.24,44.6,24.52,0.102
3.5,7.0,2.0,2.0,OOS,1,617,11.9,9.48,3.57,52.7,28.24,0.336
3.5,7.0,2.5,None,IS,4,1571,7.6,2.5,-2.37,44.3,24.63,0.101
3.5,7.0,2.5,None,OOS,1,608,11.7,9.1,3.12,51.8,28.39,0.321
3.5,7.0,2.5,1.3,IS,4,1566,7.5,2.52,-2.36,44.3,24.66,0.102
3.5,7.0,2.5,1.3,OOS,1,607,11.7,9.1,3.12,51.9,28.39,0.321
3.5,7.0,2.5,1.5,IS,4,1563,7.5,2.46,-2.37,44.3,24.56,0.1
3.5,7.0,2.5,1.5,OOS,1,606,11.7,9.15,3.17,52.0,28.38,0.322
3.5,7.0,2.5,2.0,IS,4,1530,7.4,2.55,-2.26,44.6,24.64,0.103
3.5,7.0,2.5,2.0,OOS,1,591,11.4,9.12,3.03,51.9,28.38,0.321
3.5,7.0,3.0,None,IS,4,1500,7.2,2.17,-2.38,44.2,23.14,0.094
3.5,7.0,3.0,None,OOS,1,573,11.0,9.02,3.06,51.7,28.14,0.32
3.5,7.0,3.0,1.3,IS,4,1495,7.2,2.19,-2.38,44.2,23.17,0.095
3.5,7.0,3.0,1.3,OOS,1,572,11.0,9.02,3.06,51.7,28.14,0.32
3.5,7.0,3.0,1.5,IS,4,1492,7.2,2.13,-2.38,44.2,23.06,0.092
3.5,7.0,3.0,1.5,OOS,1,571,11.0,9.08,3.08,51.8,28.14,0.323
3.5,7.0,3.0,2.0,IS,4,1466,7.0,2.22,-2.33,44.5,23.17,0.096
3.5,7.0,3.0,2.0,OOS,1,556,10.7,9.04,2.86,51.8,28.13,0.321
3.5,10.0,None,None,IS,4,1108,5.3,3.48,-2.28,45.0,26.44,0.132
3.5,10.0,None,None,OOS,1,448,8.6,9.47,1.64,48.7,31.62,0.299
3.5,10.0,None,1.3,IS,4,1105,5.3,3.5,-2.28,45.1,26.47,0.132
3.5,10.0,None,1.3,OOS,1,448,8.6,9.47,1.64,48.7,31.62,0.299
3.5,10.0,None,1.5,IS,4,1102,5.3,3.42,-2.28,45.0,26.34,0.13
3.5,10.0,None,1.5,OOS,1,447,8.6,9.54,1.93,48.8,31.62,0.302
3.5,10.0,None,2.0,IS,4,1084,5.2,3.42,-2.35,45.1,26.47,0.129
3.5,10.0,None,2.0,OOS,1,438,8.4,8.93,1.55,48.6,29.23,0.306
3.5,10.0,1.5,None,IS,4,1019,4.9,3.07,-2.56,44.8,25.86,0.119
3.5,10.0,1.5,None,OOS,1,432,8.3,9.33,2.23,48.8,31.58,0.295
3.5,10.0,1.5,1.3,IS,4,1016,4.9,3.1,-2.55,44.9,25.89,0.12
3.5,10.0,1.5,1.3,OOS,1,432,8.3,9.33,2.23,48.8,31.58,0.295
3.5,10.0,1.5,1.5,IS,4,1013,4.9,3.01,-2.56,44.8,25.74,0.117
3.5,10.0,1.5,1.5,OOS,1,431,8.3,9.41,2.27,49.0,31.58,0.298
3.5,10.0,1.5,2.0,IS,4,1002,4.8,3.02,-2.58,45.0,25.81,0.117
3.5,10.0,1.5,2.0,OOS,1,422,8.1,8.77,1.64,48.8,29.08,0.302
3.5,10.0,2.0,None,IS,4,992,4.8,3.13,-2.53,44.9,25.95,0.121
3.5,10.0,2.0,None,OOS,1,419,8.1,9.47,1.93,48.9,31.86,0.297
3.5,10.0,2.0,1.3,IS,4,989,4.8,3.16,-2.52,44.9,25.98,0.122
3.5,10.0,2.0,1.3,OOS,1,419,8.1,9.47,1.93,48.9,31.86,0.297
3.5,10.0,2.0,1.5,IS,4,986,4.7,3.06,-2.53,44.8,25.84,0.119
3.5,10.0,2.0,1.5,OOS,1,418,8.0,9.56,2.23,49.0,31.86,0.3
3.5,10.0,2.0,2.0,IS,4,975,4.7,3.08,-2.56,45.0,25.91,0.119
3.5,10.0,2.0,2.0,OOS,1,410,7.9,8.9,1.64,49.0,29.28,0.304
3.5,10.0,2.5,None,IS,4,956,4.6,3.23,-2.53,45.2,26.14,0.124
3.5,10.0,2.5,None,OOS,1,402,7.7,8.51,0.9,48.0,29.37,0.29
3.5,10.0,2.5,1.3,IS,4,953,4.6,3.26,-2.52,45.2,26.17,0.125
3.5,10.0,2.5,1.3,OOS,1,402,7.7,8.51,0.9,48.0,29.37,0.29
3.5,10.0,2.5,1.5,IS,4,950,4.6,3.16,-2.53,45.2,26.03,0.122
3.5,10.0,2.5,1.5,OOS,1,401,7.7,8.6,1.05,48.1,29.37,0.293
3.5,10.0,2.5,2.0,IS,4,941,4.5,3.17,-2.54,45.3,26.07,0.122
3.5,10.0,2.5,2.0,OOS,1,395,7.6,8.66,1.05,48.4,29.47,0.294
3.5,10.0,3.0,None,IS,4,923,4.4,3.22,-2.35,45.4,26.05,0.124
3.5,10.0,3.0,None,OOS,1,380,7.3,8.91,1.25,48.7,29.35,0.304
3.5,10.0,3.0,1.3,IS,4,920,4.4,3.25,-2.31,45.4,26.09,0.124
3.5,10.0,3.0,1.3,OOS,1,380,7.3,8.91,1.25,48.7,29.35,0.304
3.5,10.0,3.0,1.5,IS,4,917,4.4,3.15,-2.35,45.4,25.93,0.121
3.5,10.0,3.0,1.5,OOS,1,379,7.3,9.0,1.29,48.8,29.35,0.307
3.5,10.0,3.0,2.0,IS,4,909,4.4,3.14,-2.41,45.4,25.97,0.121
3.5,10.0,3.0,2.0,OOS,1,373,7.2,9.07,1.29,49.1,29.46,0.308
4.0,5.0,None,None,IS,4,2011,9.7,2.56,-2.13,44.6,23.44,0.109
4.0,5.0,None,None,OOS,1,701,13.5,9.58,3.5,51.5,27.49,0.349
4.0,5.0,None,1.3,IS,4,2003,9.6,2.54,-2.15,44.5,23.46,0.108
4.0,5.0,None,1.3,OOS,1,700,13.5,9.58,3.5,51.6,27.49,0.349
4.0,5.0,None,1.5,IS,4,1999,9.6,2.57,-2.13,44.6,23.46,0.11
4.0,5.0,None,1.5,OOS,1,699,13.4,9.57,3.45,51.5,27.51,0.348
4.0,5.0,None,2.0,IS,4,1921,9.2,2.66,-2.09,44.6,23.69,0.112
4.0,5.0,None,2.0,OOS,1,670,12.9,9.41,3.1,51.3,27.49,0.342
4.0,5.0,1.5,None,IS,4,1842,8.9,2.07,-2.37,44.0,22.42,0.092
4.0,5.0,1.5,None,OOS,1,671,12.9,9.2,3.45,51.3,27.1,0.339
4.0,5.0,1.5,1.3,IS,4,1835,8.8,2.06,-2.38,43.9,22.44,0.092
4.0,5.0,1.5,1.3,OOS,1,670,12.9,9.2,3.45,51.3,27.1,0.339
4.0,5.0,1.5,1.5,IS,4,1831,8.8,2.1,-2.37,44.0,22.43,0.093
4.0,5.0,1.5,1.5,OOS,1,669,12.9,9.18,3.35,51.3,27.12,0.339
4.0,5.0,1.5,2.0,IS,4,1776,8.5,2.2,-2.29,44.2,22.62,0.097
4.0,5.0,1.5,2.0,OOS,1,641,12.3,8.94,2.95,51.0,27.1,0.33
4.0,5.0,2.0,None,IS,4,1797,8.6,2.17,-2.25,44.2,22.51,0.096
4.0,5.0,2.0,None,OOS,1,650,12.5,9.29,3.5,51.4,27.36,0.34
4.0,5.0,2.0,1.3,IS,4,1790,8.6,2.16,-2.26,44.2,22.53,0.096
4.0,5.0,2.0,1.3,OOS,1,649,12.5,9.29,3.5,51.5,27.36,0.34
4.0,5.0,2.0,1.5,IS,4,1786,8.6,2.19,-2.22,44.2,22.52,0.097
4.0,5.0,2.0,1.5,OOS,1,648,12.5,9.27,3.45,51.4,27.38,0.339
4.0,5.0,2.0,2.0,IS,4,1733,8.3,2.32,-2.15,44.5,22.72,0.102
4.0,5.0,2.0,2.0,OOS,1,621,11.9,9.04,3.1,51.2,27.36,0.33
4.0,5.0,2.5,None,IS,4,1725,8.3,2.09,-2.35,44.3,22.52,0.093
4.0,5.0,2.5,None,OOS,1,624,12.0,8.92,2.95,51.0,27.41,0.325
4.0,5.0,2.5,1.3,IS,4,1718,8.3,2.09,-2.36,44.2,22.54,0.093
4.0,5.0,2.5,1.3,OOS,1,623,12.0,8.92,2.95,51.0,27.41,0.325
4.0,5.0,2.5,1.5,IS,4,1714,8.2,2.12,-2.32,44.3,22.53,0.094
4.0,5.0,2.5,1.5,OOS,1,622,12.0,8.9,2.86,51.0,27.43,0.324
4.0,5.0,2.5,2.0,IS,4,1666,8.0,2.26,-2.18,44.6,22.71,0.099
4.0,5.0,2.5,2.0,OOS,1,599,11.5,8.73,2.72,50.9,27.35,0.319
4.0,5.0,3.0,None,IS,4,1656,8.0,2.01,-2.36,44.3,22.4,0.09
4.0,5.0,3.0,None,OOS,1,598,11.5,8.9,2.95,50.8,27.59,0.323
4.0,5.0,3.0,1.3,IS,4,1649,7.9,2.01,-2.37,44.2,22.43,0.09
4.0,5.0,3.0,1.3,OOS,1,597,11.5,8.9,2.95,50.9,27.59,0.323
4.0,5.0,3.0,1.5,IS,4,1645,7.9,2.04,-2.35,44.3,22.42,0.091
4.0,5.0,3.0,1.5,OOS,1,596,11.5,8.88,2.86,50.8,27.62,0.322
4.0,5.0,3.0,2.0,IS,4,1603,7.7,2.16,-2.25,44.5,22.61,0.096
4.0,5.0,3.0,2.0,OOS,1,573,11.0,8.7,2.72,50.8,27.54,0.316
4.0,7.0,None,None,IS,4,1533,7.4,2.63,-2.38,44.4,24.37,0.108
4.0,7.0,None,None,OOS,1,575,11.1,10.04,3.55,51.3,28.75,0.349
4.0,7.0,None,1.3,IS,4,1529,7.4,2.65,-2.38,44.3,24.39,0.109
4.0,7.0,None,1.3,OOS,1,574,11.0,10.04,3.55,51.4,28.75,0.349
4.0,7.0,None,1.5,IS,4,1527,7.3,2.65,-2.38,44.3,24.39,0.109
4.0,7.0,None,1.5,OOS,1,574,11.0,10.04,3.55,51.4,28.75,0.349
4.0,7.0,None,2.0,IS,4,1501,7.2,2.73,-2.37,44.5,24.52,0.111
4.0,7.0,None,2.0,OOS,1,561,10.8,10.19,3.45,51.5,28.93,0.352
4.0,7.0,1.5,None,IS,4,1424,6.8,2.25,-2.42,44.2,23.37,0.096
4.0,7.0,1.5,None,OOS,1,551,10.6,9.52,3.35,51.0,28.25,0.337
4.0,7.0,1.5,1.3,IS,4,1420,6.8,2.27,-2.42,44.2,23.4,0.097
4.0,7.0,1.5,1.3,OOS,1,550,10.6,9.52,3.35,51.1,28.25,0.337
4.0,7.0,1.5,1.5,IS,4,1418,6.8,2.27,-2.42,44.2,23.4,0.097
4.0,7.0,1.5,1.5,OOS,1,550,10.6,9.52,3.35,51.1,28.25,0.337
4.0,7.0,1.5,2.0,IS,4,1401,6.7,2.34,-2.39,44.5,23.49,0.1
4.0,7.0,1.5,2.0,OOS,1,538,10.3,9.59,3.17,51.1,28.45,0.337
4.0,7.0,2.0,None,IS,4,1392,6.7,2.32,-2.38,44.4,23.45,0.099
4.0,7.0,2.0,None,OOS,1,534,10.3,9.61,3.45,50.9,28.56,0.337
4.0,7.0,2.0,1.3,IS,4,1388,6.7,2.33,-2.38,44.4,23.48,0.099
4.0,7.0,2.0,1.3,OOS,1,533,10.2,9.61,3.45,51.0,28.56,0.337
4.0,7.0,2.0,1.5,IS,4,1386,6.7,2.33,-2.38,44.4,23.48,0.099
4.0,7.0,2.0,1.5,OOS,1,533,10.2,9.61,3.45,51.0,28.56,0.337
4.0,7.0,2.0,2.0,IS,4,1370,6.6,2.41,-2.37,44.6,23.56,0.102
4.0,7.0,2.0,2.0,OOS,1,522,10.0,9.69,3.26,51.1,28.74,0.337
4.0,7.0,2.5,None,IS,4,1346,6.5,2.27,-2.44,44.4,23.49,0.097
4.0,7.0,2.5,None,OOS,1,517,9.9,9.32,2.84,50.3,28.67,0.325
4.0,7.0,2.5,1.3,IS,4,1342,6.5,2.29,-2.44,44.4,23.52,0.097
4.0,7.0,2.5,1.3,OOS,1,516,9.9,9.32,2.84,50.4,28.67,0.325
4.0,7.0,2.5,1.5,IS,4,1340,6.4,2.29,-2.44,44.4,23.52,0.097
4.0,7.0,2.5,1.5,OOS,1,516,9.9,9.32,2.84,50.4,28.67,0.325
4.0,7.0,2.5,2.0,IS,4,1326,6.4,2.37,-2.4,44.6,23.59,0.1
4.0,7.0,2.5,2.0,OOS,1,505,9.7,9.39,2.77,50.5,28.86,0.325
4.0,7.0,3.0,None,IS,4,1303,6.3,2.24,-2.44,44.4,23.47,0.096
4.0,7.0,3.0,None,OOS,1,495,9.5,9.2,2.69,49.9,28.85,0.319
4.0,7.0,3.0,1.3,IS,4,1299,6.2,2.26,-2.44,44.3,23.5,0.096
4.0,7.0,3.0,1.3,OOS,1,494,9.5,9.2,2.69,50.0,28.85,0.319
4.0,7.0,3.0,1.5,IS,4,1297,6.2,2.26,-2.44,44.3,23.5,0.096
4.0,7.0,3.0,1.5,OOS,1,494,9.5,9.2,2.69,50.0,28.85,0.319
4.0,7.0,3.0,2.0,IS,4,1285,6.2,2.32,-2.44,44.5,23.56,0.098
4.0,7.0,3.0,2.0,OOS,1,483,9.3,9.28,2.65,50.1,29.05,0.319
4.0,10.0,None,None,IS,4,966,4.6,3.49,-2.4,44.9,26.72,0.13
4.0,10.0,None,None,OOS,1,383,7.4,9.59,2.33,48.3,29.71,0.323
4.0,10.0,None,1.3,IS,4,963,4.6,3.51,-2.35,45.0,26.76,0.131
4.0,10.0,None,1.3,OOS,1,383,7.4,9.59,2.33,48.3,29.71,0.323
4.0,10.0,None,1.5,IS,4,961,4.6,3.51,-2.35,45.0,26.76,0.131
4.0,10.0,None,1.5,OOS,1,383,7.4,9.59,2.33,48.3,29.71,0.323
4.0,10.0,None,2.0,IS,4,950,4.6,3.55,-2.37,45.1,26.86,0.132
4.0,10.0,None,2.0,OOS,1,378,7.3,9.57,2.23,48.4,29.83,0.321
4.0,10.0,1.5,None,IS,4,895,4.3,3.13,-2.58,44.8,26.08,0.12
4.0,10.0,1.5,None,OOS,1,372,7.2,9.25,2.23,48.1,29.46,0.314
4.0,10.0,1.5,1.3,IS,4,892,4.3,3.16,-2.57,44.8,26.12,0.121
4.0,10.0,1.5,1.3,OOS,1,372,7.2,9.25,2.23,48.1,29.46,0.314
4.0,10.0,1.5,1.5,IS,4,890,4.3,3.16,-2.57,44.8,26.12,0.121
4.0,10.0,1.5,1.5,OOS,1,372,7.2,9.25,2.23,48.1,29.46,0.314
4.0,10.0,1.5,2.0,IS,4,885,4.3,3.2,-2.58,45.0,26.15,0.122
4.0,10.0,1.5,2.0,OOS,1,367,7.1,9.23,1.89,48.2,29.58,0.312
4.0,10.0,2.0,None,IS,4,877,4.2,3.17,-2.56,44.8,26.16,0.121
4.0,10.0,2.0,None,OOS,1,364,7.0,9.38,2.23,48.1,29.66,0.316
4.0,10.0,2.0,1.3,IS,4,874,4.2,3.2,-2.55,44.9,26.2,0.122
4.0,10.0,2.0,1.3,OOS,1,364,7.0,9.38,2.23,48.1,29.66,0.316
4.0,10.0,2.0,1.5,IS,4,872,4.2,3.2,-2.55,44.8,26.21,0.122
4.0,10.0,2.0,1.5,OOS,1,364,7.0,9.38,2.23,48.1,29.66,0.316
4.0,10.0,2.0,2.0,IS,4,867,4.2,3.23,-2.56,45.0,26.24,0.123
4.0,10.0,2.0,2.0,OOS,1,359,6.9,9.36,1.89,48.2,29.78,0.314
4.0,10.0,2.5,None,IS,4,850,4.1,3.28,-2.53,45.3,26.36,0.125
4.0,10.0,2.5,None,OOS,1,354,6.8,9.36,1.42,47.7,29.91,0.313
4.0,10.0,2.5,1.3,IS,4,847,4.1,3.31,-2.52,45.3,26.39,0.126
4.0,10.0,2.5,1.3,OOS,1,354,6.8,9.36,1.42,47.7,29.91,0.313
4.0,10.0,2.5,1.5,IS,4,845,4.1,3.31,-2.52,45.3,26.4,0.126
4.0,10.0,2.5,1.5,OOS,1,354,6.8,9.36,1.42,47.7,29.91,0.313
4.0,10.0,2.5,2.0,IS,4,841,4.0,3.34,-2.52,45.4,26.42,0.127
4.0,10.0,2.5,2.0,OOS,1,349,6.7,9.34,1.29,47.9,30.04,0.311
4.0,10.0,3.0,None,IS,4,828,4.0,3.29,-2.4,45.4,26.3,0.125
4.0,10.0,3.0,None,OOS,1,340,6.5,9.71,1.42,47.9,30.34,0.32
4.0,10.0,3.0,1.3,IS,4,825,4.0,3.32,-2.35,45.5,26.34,0.126
4.0,10.0,3.0,1.3,OOS,1,340,6.5,9.71,1.42,47.9,30.34,0.32
4.0,10.0,3.0,1.5,IS,4,823,4.0,3.32,-2.35,45.4,26.35,0.126
4.0,10.0,3.0,1.5,OOS,1,340,6.5,9.71,1.42,47.9,30.34,0.32
4.0,10.0,3.0,2.0,IS,4,819,3.9,3.36,-2.28,45.5,26.37,0.127
4.0,10.0,3.0,2.0,OOS,1,335,6.4,9.69,1.29,48.1,30.47,0.318
4.5,5.0,None,None,IS,4,1641,7.9,2.79,-1.78,45.2,23.8,0.117
4.5,5.0,None,None,OOS,1,541,10.4,10.9,3.76,52.7,28.55,0.382
4.5,5.0,None,1.3,IS,4,1633,7.9,2.77,-1.79,45.1,23.82,0.116
4.5,5.0,None,1.3,OOS,1,540,10.4,10.9,3.76,52.8,28.55,0.382
4.5,5.0,None,1.5,IS,4,1631,7.8,2.8,-1.78,45.2,23.82,0.117
4.5,5.0,None,1.5,OOS,1,539,10.4,10.88,3.73,52.7,28.57,0.381
4.5,5.0,None,2.0,IS,4,1599,7.7,2.79,-1.8,45.1,23.96,0.117
4.5,5.0,None,2.0,OOS,1,519,10.0,10.63,3.56,52.6,28.47,0.373
4.5,5.0,1.5,None,IS,4,1519,7.3,2.38,-2.02,44.8,22.97,0.104
4.5,5.0,1.5,None,OOS,1,521,10.0,10.41,3.73,52.6,28.06,0.371
4.5,5.0,1.5,1.3,IS,4,1512,7.3,2.38,-2.02,44.7,23.0,0.103
4.5,5.0,1.5,1.3,OOS,1,520,10.0,10.41,3.73,52.7,28.06,0.371
4.5,5.0,1.5,1.5,IS,4,1510,7.3,2.41,-2.01,44.8,23.0,0.105
4.5,5.0,1.5,1.5,OOS,1,519,10.0,10.39,3.71,52.6,28.08,0.37
4.5,5.0,1.5,2.0,IS,4,1486,7.1,2.43,-2.01,44.9,23.09,0.105
4.5,5.0,1.5,2.0,OOS,1,499,9.6,10.11,3.55,52.5,27.95,0.362
4.5,5.0,2.0,None,IS,4,1487,7.1,2.56,-1.78,45.2,23.08,0.111
4.5,5.0,2.0,None,OOS,1,508,9.8,10.44,3.69,52.4,28.34,0.368
4.5,5.0,2.0,1.3,IS,4,1480,7.1,2.56,-1.78,45.1,23.11,0.111
4.5,5.0,2.0,1.3,OOS,1,507,9.8,10.44,3.69,52.5,28.34,0.368
4.5,5.0,2.0,1.5,IS,4,1478,7.1,2.59,-1.78,45.2,23.11,0.112
4.5,5.0,2.0,1.5,OOS,1,506,9.7,10.42,3.64,52.4,28.37,0.367
4.5,5.0,2.0,2.0,IS,4,1455,7.0,2.61,-1.78,45.3,23.2,0.113
4.5,5.0,2.0,2.0,OOS,1,487,9.4,10.14,3.55,52.4,28.21,0.359
4.5,5.0,2.5,None,IS,4,1446,7.0,2.5,-1.79,45.2,22.99,0.109
4.5,5.0,2.5,None,OOS,1,488,9.4,9.94,3.24,51.4,28.42,0.35
4.5,5.0,2.5,1.3,IS,4,1439,6.9,2.49,-1.8,45.2,23.02,0.108
4.5,5.0,2.5,1.3,OOS,1,487,9.4,9.94,3.24,51.5,28.42,0.35
4.5,5.0,2.5,1.5,IS,4,1437,6.9,2.53,-1.79,45.2,23.02,0.11
4.5,5.0,2.5,1.5,OOS,1,486,9.3,9.92,3.21,51.4,28.45,0.349
4.5,5.0,2.5,2.0,IS,4,1416,6.8,2.55,-1.78,45.3,23.1,0.11
4.5,5.0,2.5,2.0,OOS,1,470,9.0,9.72,3.17,51.7,28.22,0.344
4.5,5.0,3.0,None,IS,4,1403,6.7,2.51,-1.8,45.3,23.05,0.109
4.5,5.0,3.0,None,OOS,1,474,9.1,9.61,2.95,51.1,28.43,0.338
4.5,5.0,3.0,1.3,IS,4,1396,6.7,2.5,-1.8,45.3,23.08,0.108
4.5,5.0,3.0,1.3,OOS,1,473,9.1,9.61,2.95,51.2,28.43,0.338
4.5,5.0,3.0,1.5,IS,4,1394,6.7,2.54,-1.79,45.3,23.08,0.11
4.5,5.0,3.0,1.5,OOS,1,472,9.1,9.58,2.86,51.1,28.46,0.337
4.5,5.0,3.0,2.0,IS,4,1376,6.6,2.58,-1.79,45.4,23.17,0.111
4.5,5.0,3.0,2.0,OOS,1,456,8.8,9.37,2.83,51.3,28.22,0.332
4.5,7.0,None,None,IS,4,1305,6.3,2.91,-2.03,45.1,24.99,0.116
4.5,7.0,None,None,OOS,1,456,8.8,11.14,3.85,53.1,29.47,0.378
4.5,7.0,None,1.3,IS,4,1301,6.3,2.93,-2.03,45.0,25.02,0.117
4.5,7.0,None,1.3,OOS,1,455,8.8,11.14,3.85,53.2,29.47,0.378
4.5,7.0,None,1.5,IS,4,1300,6.2,2.95,-2.03,45.1,25.02,0.118
4.5,7.0,None,1.5,OOS,1,455,8.8,11.14,3.85,53.2,29.47,0.378
4.5,7.0,None,2.0,IS,4,1287,6.2,2.96,-2.03,45.1,25.1,0.118
4.5,7.0,None,2.0,OOS,1,446,8.6,11.22,3.73,53.1,29.66,0.378
4.5,7.0,1.5,None,IS,4,1220,5.9,2.52,-2.17,45.0,23.95,0.105
4.5,7.0,1.5,None,OOS,1,439,8.4,10.46,3.71,52.6,28.88,0.362
4.5,7.0,1.5,1.3,IS,4,1216,5.8,2.54,-2.17,45.0,23.98,0.106
4.5,7.0,1.5,1.3,OOS,1,438,8.4,10.46,3.71,52.7,28.88,0.362
4.5,7.0,1.5,1.5,IS,4,1215,5.8,2.56,-2.15,45.0,23.98,0.107
4.5,7.0,1.5,1.5,OOS,1,438,8.4,10.46,3.71,52.7,28.88,0.362
4.5,7.0,1.5,2.0,IS,4,1207,5.8,2.6,-2.13,45.2,24.02,0.108
4.5,7.0,1.5,2.0,OOS,1,429,8.2,10.52,3.6,52.7,29.07,0.362
4.5,7.0,2.0,None,IS,4,1196,5.8,2.65,-2.01,45.2,24.06,0.11
4.5,7.0,2.0,None,OOS,1,428,8.2,10.5,3.69,52.3,29.2,0.36
4.5,7.0,2.0,1.3,IS,4,1192,5.7,2.67,-2.01,45.2,24.09,0.111
4.5,7.0,2.0,1.3,OOS,1,427,8.2,10.5,3.69,52.5,29.2,0.36
4.5,7.0,2.0,1.5,IS,4,1191,5.7,2.69,-2.0,45.3,24.09,0.112
4.5,7.0,2.0,1.5,OOS,1,427,8.2,10.5,3.69,52.5,29.2,0.36
4.5,7.0,2.0,2.0,IS,4,1184,5.7,2.73,-1.98,45.4,24.12,0.113
4.5,7.0,2.0,2.0,OOS,1,419,8.1,10.57,3.6,52.5,29.36,0.36
4.5,7.0,2.5,None,IS,4,1168,5.6,2.66,-2.08,45.3,24.07,0.111
4.5,7.0,2.5,None,OOS,1,414,8.0,10.13,3.21,51.4,29.34,0.345
4.5,7.0,2.5,1.3,IS,4,1164,5.6,2.68,-2.08,45.3,24.11,0.111
4.5,7.0,2.5,1.3,OOS,1,413,7.9,10.13,3.21,51.6,29.34,0.345
4.5,7.0,2.5,1.5,IS,4,1163,5.6,2.7,-2.03,45.3,24.11,0.112
4.5,7.0,2.5,1.5,OOS,1,413,7.9,10.13,3.21,51.6,29.34,0.345
4.5,7.0,2.5,2.0,IS,4,1157,5.6,2.74,-2.02,45.5,24.13,0.113
4.5,7.0,2.5,2.0,OOS,1,405,7.8,10.19,3.1,51.6,29.51,0.345
4.5,7.0,3.0,None,IS,4,1138,5.5,2.7,-2.03,45.4,24.1,0.112
4.5,7.0,3.0,None,OOS,1,400,7.7,9.73,2.84,51.0,29.39,0.331
4.5,7.0,3.0,1.3,IS,4,1134,5.5,2.72,-2.03,45.4,24.14,0.113
4.5,7.0,3.0,1.3,OOS,1,399,7.7,9.73,2.84,51.1,29.39,0.331
4.5,7.0,3.0,1.5,IS,4,1133,5.4,2.74,-2.02,45.5,24.14,0.113
4.5,7.0,3.0,1.5,OOS,1,399,7.7,9.73,2.84,51.1,29.39,0.331
4.5,7.0,3.0,2.0,IS,4,1128,5.4,2.76,-2.01,45.6,24.15,0.114
4.5,7.0,3.0,2.0,OOS,1,391,7.5,9.79,2.77,51.2,29.57,0.331
4.5,10.0,None,None,IS,4,851,4.1,3.51,-2.15,45.1,27.13,0.129
4.5,10.0,None,None,OOS,1,317,6.1,10.54,3.26,49.8,30.6,0.344
4.5,10.0,None,1.3,IS,4,848,4.1,3.54,-2.14,45.2,27.17,0.13
4.5,10.0,None,1.3,OOS,1,317,6.1,10.54,3.26,49.8,30.6,0.344
4.5,10.0,None,1.5,IS,4,847,4.1,3.56,-2.13,45.2,27.17,0.131
4.5,10.0,None,1.5,OOS,1,317,6.1,10.54,3.26,49.8,30.6,0.344
4.5,10.0,None,2.0,IS,4,839,4.0,3.58,-2.13,45.3,27.24,0.131
4.5,10.0,None,2.0,OOS,1,313,6.0,10.53,3.15,49.8,30.75,0.342
4.5,10.0,1.5,None,IS,4,797,3.8,3.15,-2.35,45.0,26.47,0.119
4.5,10.0,1.5,None,OOS,1,307,5.9,10.08,3.03,49.5,30.33,0.332
4.5,10.0,1.5,1.3,IS,4,794,3.8,3.19,-2.31,45.1,26.51,0.12
4.5,10.0,1.5,1.3,OOS,1,307,5.9,10.08,3.03,49.5,30.33,0.332
4.5,10.0,1.5,1.5,IS,4,793,3.8,3.21,-2.28,45.1,26.52,0.121
4.5,10.0,1.5,1.5,OOS,1,307,5.9,10.08,3.03,49.5,30.33,0.332
4.5,10.0,1.5,2.0,IS,4,788,3.8,3.25,-2.27,45.3,26.55,0.122
4.5,10.0,1.5,2.0,OOS,1,303,5.8,10.07,2.85,49.5,30.48,0.33
4.5,10.0,2.0,None,IS,4,784,3.8,3.31,-2.22,45.3,26.59,0.124
4.5,10.0,2.0,None,OOS,1,303,5.8,10.21,3.03,49.5,30.52,0.334
4.5,10.0,2.0,1.3,IS,4,781,3.8,3.34,-2.18,45.3,26.63,0.125
4.5,10.0,2.0,1.3,OOS,1,303,5.8,10.21,3.03,49.5,30.52,0.334
4.5,10.0,2.0,1.5,IS,4,780,3.8,3.37,-2.17,45.4,26.64,0.126
4.5,10.0,2.0,1.5,OOS,1,303,5.8,10.21,3.03,49.5,30.52,0.334
4.5,10.0,2.0,2.0,IS,4,775,3.7,3.41,-2.15,45.5,26.67,0.128
4.5,10.0,2.0,2.0,OOS,1,299,5.8,10.19,2.85,49.5,30.67,0.332
4.5,10.0,2.5,None,IS,4,764,3.7,3.51,-2.14,45.8,26.8,0.131
4.5,10.0,2.5,None,OOS,1,295,5.7,10.1,2.23,48.8,30.84,0.328
4.5,10.0,2.5,1.3,IS,4,761,3.7,3.54,-2.13,45.9,26.84,0.132
4.5,10.0,2.5,1.3,OOS,1,295,5.7,10.1,2.23,48.8,30.84,0.328
4.5,10.0,2.5,1.5,IS,4,760,3.7,3.57,-2.06,45.9,26.85,0.133
4.5,10.0,2.5,1.5,OOS,1,295,5.7,10.1,2.23,48.8,30.84,0.328
4.5,10.0,2.5,2.0,IS,4,756,3.6,3.61,-1.98,46.0,26.87,0.134
4.5,10.0,2.5,2.0,OOS,1,291,5.6,10.09,1.89,48.8,31.0,0.325
4.5,10.0,3.0,None,IS,4,750,3.6,3.68,-1.78,46.3,26.8,0.137
4.5,10.0,3.0,None,OOS,1,288,5.5,10.17,1.89,49.0,31.09,0.327
4.5,10.0,3.0,1.3,IS,4,747,3.6,3.72,-1.78,46.3,26.84,0.138
4.5,10.0,3.0,1.3,OOS,1,288,5.5,10.17,1.89,49.0,31.09,0.327
4.5,10.0,3.0,1.5,IS,4,746,3.6,3.75,-1.75,46.4,26.85,0.14
4.5,10.0,3.0,1.5,OOS,1,288,5.5,10.17,1.89,49.0,31.09,0.327
4.5,10.0,3.0,2.0,IS,4,742,3.6,3.78,-1.73,46.5,26.87,0.141
4.5,10.0,3.0,2.0,OOS,1,284,5.5,10.16,1.55,48.9,31.26,0.325
5.0,5.0,None,None,IS,4,1367,6.6,2.53,-2.18,44.5,23.69,0.107
5.0,5.0,None,None,OOS,1,410,7.9,11.56,4.31,55.6,28.64,0.404
5.0,5.0,None,1.3,IS,4,1361,6.5,2.53,-2.18,44.5,23.73,0.107
5.0,5.0,None,1.3,OOS,1,409,7.9,11.56,4.31,55.7,28.64,0.404
5.0,5.0,None,1.5,IS,4,1359,6.5,2.56,-2.15,44.5,23.73,0.108
5.0,5.0,None,1.5,OOS,1,408,7.8,11.54,4.21,55.6,28.67,0.402
5.0,5.0,None,2.0,IS,4,1348,6.5,2.58,-2.17,44.6,23.78,0.109
5.0,5.0,None,2.0,OOS,1,395,7.6,11.29,3.92,55.7,28.37,0.398
5.0,5.0,1.5,None,IS,4,1277,6.1,2.22,-2.28,44.3,23.14,0.096
5.0,5.0,1.5,None,OOS,1,396,7.6,11.07,4.21,55.8,28.13,0.394
5.0,5.0,1.5,1.3,IS,4,1272,6.1,2.25,-2.27,44.3,23.18,0.097
5.0,5.0,1.5,1.3,OOS,1,395,7.6,11.07,4.21,55.9,28.13,0.394
5.0,5.0,1.5,1.5,IS,4,1270,6.1,2.29,-2.26,44.4,23.18,0.099
5.0,5.0,1.5,1.5,OOS,1,394,7.6,11.04,4.07,55.8,28.16,0.392
5.0,5.0,1.5,2.0,IS,4,1260,6.1,2.3,-2.26,44.5,23.22,0.099
5.0,5.0,1.5,2.0,OOS,1,381,7.3,10.78,3.9,55.9,27.82,0.387
5.0,5.0,2.0,None,IS,4,1254,6.0,2.39,-2.17,44.7,23.25,0.103
5.0,5.0,2.0,None,OOS,1,391,7.5,11.16,4.31,55.8,28.3,0.394
5.0,5.0,2.0,1.3,IS,4,1249,6.0,2.42,-2.15,44.7,23.28,0.104
5.0,5.0,2.0,1.3,OOS,1,390,7.5,11.16,4.31,55.9,28.3,0.394
5.0,5.0,2.0,1.5,IS,4,1247,6.0,2.46,-2.13,44.7,23.28,0.106
5.0,5.0,2.0,1.5,OOS,1,389,7.5,11.14,4.21,55.8,28.34,0.393
5.0,5.0,2.0,2.0,IS,4,1237,5.9,2.48,-2.13,44.9,23.33,0.106
5.0,5.0,2.0,2.0,OOS,1,376,7.2,10.87,3.92,55.9,28.0,0.388
5.0,5.0,2.5,None,IS,4,1227,5.9,2.36,-2.18,44.7,23.21,0.102
5.0,5.0,2.5,None,OOS,1,375,7.2,10.69,3.8,54.9,28.43,0.376
5.0,5.0,2.5,1.3,IS,4,1222,5.9,2.39,-2.17,44.8,23.25,0.103
5.0,5.0,2.5,1.3,OOS,1,374,7.2,10.69,3.8,55.1,28.43,0.376
5.0,5.0,2.5,1.5,IS,4,1220,5.9,2.43,-2.14,44.8,23.25,0.104
5.0,5.0,2.5,1.5,OOS,1,373,7.2,10.66,3.76,55.0,28.46,0.375
5.0,5.0,2.5,2.0,IS,4,1211,5.8,2.44,-2.13,44.9,23.28,0.105
5.0,5.0,2.5,2.0,OOS,1,362,7.0,10.46,3.71,55.2,28.05,0.373
5.0,5.0,3.0,None,IS,4,1198,5.8,2.4,-2.18,44.8,23.39,0.103
5.0,5.0,3.0,None,OOS,1,367,7.1,10.53,3.71,54.8,28.47,0.37
5.0,5.0,3.0,1.3,IS,4,1193,5.7,2.43,-2.18,44.8,23.43,0.104
5.0,5.0,3.0,1.3,OOS,1,366,7.0,10.53,3.71,54.9,28.47,0.37
5.0,5.0,3.0,1.5,IS,4,1191,5.7,2.47,-2.15,44.9,23.43,0.106
5.0,5.0,3.0,1.5,OOS,1,365,7.0,10.5,3.69,54.8,28.51,0.368
5.0,5.0,3.0,2.0,IS,4,1183,5.7,2.48,-2.15,45.0,23.46,0.106
5.0,5.0,3.0,2.0,OOS,1,354,6.8,10.29,3.6,55.1,28.09,0.366
5.0,7.0,None,None,IS,4,1111,5.3,2.59,-2.45,43.9,24.88,0.104
5.0,7.0,None,None,OOS,1,351,6.8,11.39,3.92,55.3,29.16,0.39
5.0,7.0,None,1.3,IS,4,1108,5.3,2.61,-2.45,44.0,24.91,0.105
5.0,7.0,None,1.3,OOS,1,350,6.7,11.39,3.92,55.4,29.16,0.39
5.0,7.0,None,1.5,IS,4,1107,5.3,2.63,-2.44,44.0,24.91,0.106
5.0,7.0,None,1.5,OOS,1,350,6.7,11.39,3.92,55.4,29.16,0.39
5.0,7.0,None,2.0,IS,4,1102,5.3,2.66,-2.45,44.1,24.93,0.107
5.0,7.0,None,2.0,OOS,1,345,6.6,11.48,3.89,55.4,29.27,0.392
5.0,7.0,1.5,None,IS,4,1046,5.0,2.34,-2.51,44.1,24.2,0.097
5.0,7.0,1.5,None,OOS,1,339,6.5,10.68,3.85,55.2,28.53,0.375
5.0,7.0,1.5,1.3,IS,4,1043,5.0,2.37,-2.45,44.1,24.23,0.098
5.0,7.0,1.5,1.3,OOS,1,338,6.5,10.68,3.85,55.3,28.53,0.375
5.0,7.0,1.5,1.5,IS,4,1042,5.0,2.39,-2.45,44.1,24.23,0.099
5.0,7.0,1.5,1.5,OOS,1,338,6.5,10.68,3.85,55.3,28.53,0.375
5.0,7.0,1.5,2.0,IS,4,1037,5.0,2.41,-2.45,44.3,24.25,0.1
5.0,7.0,1.5,2.0,OOS,1,333,6.4,10.78,3.76,55.3,28.64,0.376
5.0,7.0,2.0,None,IS,4,1028,4.9,2.5,-2.39,44.3,24.3,0.103
5.0,7.0,2.0,None,OOS,1,334,6.4,10.79,3.89,55.1,28.74,0.375
5.0,7.0,2.0,1.3,IS,4,1025,4.9,2.53,-2.37,44.3,24.33,0.104
5.0,7.0,2.0,1.3,OOS,1,333,6.4,10.79,3.89,55.3,28.74,0.375
5.0,7.0,2.0,1.5,IS,4,1024,4.9,2.55,-2.33,44.3,24.33,0.105
5.0,7.0,2.0,1.5,OOS,1,333,6.4,10.79,3.89,55.3,28.74,0.375
5.0,7.0,2.0,2.0,IS,4,1019,4.9,2.57,-2.37,44.5,24.35,0.106
5.0,7.0,2.0,2.0,OOS,1,328,6.3,10.88,3.8,55.2,28.85,0.377
5.0,7.0,2.5,None,IS,4,1010,4.9,2.47,-2.39,44.4,24.23,0.102
5.0,7.0,2.5,None,OOS,1,322,6.2,10.49,3.64,54.3,28.98,0.362
5.0,7.0,2.5,1.3,IS,4,1007,4.8,2.5,-2.37,44.4,24.26,0.103
5.0,7.0,2.5,1.3,OOS,1,321,6.2,10.49,3.64,54.5,28.98,0.362
5.0,7.0,2.5,1.5,IS,4,1006,4.8,2.52,-2.33,44.4,24.26,0.104
5.0,7.0,2.5,1.5,OOS,1,321,6.2,10.49,3.64,54.5,28.98,0.362
5.0,7.0,2.5,2.0,IS,4,1002,4.8,2.54,-2.33,44.5,24.27,0.105
5.0,7.0,2.5,2.0,OOS,1,316,6.1,10.58,3.57,54.4,29.11,0.363
5.0,7.0,3.0,None,IS,4,992,4.8,2.5,-2.39,44.4,24.35,0.103
5.0,7.0,3.0,None,OOS,1,314,6.0,10.3,3.55,54.1,29.05,0.354
5.0,7.0,3.0,1.3,IS,4,989,4.8,2.53,-2.37,44.4,24.38,0.104
5.0,7.0,3.0,1.3,OOS,1,313,6.0,10.3,3.55,54.3,29.05,0.354
5.0,7.0,3.0,1.5,IS,4,988,4.8,2.55,-2.33,44.4,24.39,0.104
5.0,7.0,3.0,1.5,OOS,1,313,6.0,10.3,3.55,54.3,29.05,0.354
5.0,7.0,3.0,2.0,IS,4,984,4.7,2.57,-2.33,44.5,24.39,0.105
5.0,7.0,3.0,2.0,OOS,1,308,5.9,10.39,3.45,54.2,29.18,0.356
5.0,10.0,None,None,IS,4,753,3.6,3.04,-2.27,44.8,26.37,0.115
5.0,10.0,None,None,OOS,1,249,4.8,10.55,3.69,52.6,29.41,0.359
5.0,10.0,None,1.3,IS,4,751,3.6,3.08,-2.18,44.9,26.39,0.117
5.0,10.0,None,1.3,OOS,1,249,4.8,10.55,3.69,52.6,29.41,0.359
5.0,10.0,None,1.5,IS,4,750,3.6,3.11,-2.17,44.9,26.4,0.118
5.0,10.0,None,1.5,OOS,1,249,4.8,10.55,3.69,52.6,29.41,0.359
5.0,10.0,None,2.0,IS,4,746,3.6,3.14,-2.17,45.0,26.42,0.119
5.0,10.0,None,2.0,OOS,1,248,4.8,10.54,3.64,52.4,29.48,0.358
5.0,10.0,1.5,None,IS,4,713,3.4,2.83,-2.58,44.6,26.33,0.107
5.0,10.0,1.5,None,OOS,1,242,4.7,10.38,3.8,52.9,29.29,0.354
5.0,10.0,1.5,1.3,IS,4,711,3.4,2.87,-2.56,44.7,26.36,0.109
5.0,10.0,1.5,1.3,OOS,1,242,4.7,10.38,3.8,52.9,29.29,0.354
5.0,10.0,1.5,1.5,IS,4,710,3.4,2.9,-2.51,44.8,26.37,0.11
5.0,10.0,1.5,1.5,OOS,1,242,4.7,10.38,3.8,52.9,29.29,0.354
5.0,10.0,1.5,2.0,IS,4,706,3.4,2.93,-2.51,44.9,26.39,0.111
5.0,10.0,1.5,2.0,OOS,1,241,4.6,10.37,3.69,52.7,29.36,0.353
5.0,10.0,2.0,None,IS,4,701,3.4,2.98,-2.45,44.8,26.45,0.113
5.0,10.0,2.0,None,OOS,1,241,4.6,10.4,3.69,52.7,29.36,0.354
5.0,10.0,2.0,1.3,IS,4,699,3.4,3.02,-2.28,44.9,26.48,0.114
5.0,10.0,2.0,1.3,OOS,1,241,4.6,10.4,3.69,52.7,29.36,0.354
5.0,10.0,2.0,1.5,IS,4,698,3.4,3.05,-2.27,45.0,26.48,0.115
5.0,10.0,2.0,1.5,OOS,1,241,4.6,10.4,3.69,52.7,29.36,0.354
5.0,10.0,2.0,2.0,IS,4,694,3.3,3.09,-2.27,45.1,26.5,0.116
5.0,10.0,2.0,2.0,OOS,1,240,4.6,10.39,3.64,52.5,29.42,0.353
5.0,10.0,2.5,None,IS,4,686,3.3,3.13,-2.27,45.2,26.61,0.118
5.0,10.0,2.5,None,OOS,1,234,4.5,10.26,3.57,52.1,29.66,0.346
5.0,10.0,2.5,1.3,IS,4,684,3.3,3.17,-2.22,45.3,26.64,0.119
5.0,10.0,2.5,1.3,OOS,1,234,4.5,10.26,3.57,52.1,29.66,0.346
5.0,10.0,2.5,1.5,IS,4,683,3.3,3.21,-2.18,45.4,26.65,0.12
5.0,10.0,2.5,1.5,OOS,1,234,4.5,10.26,3.57,52.1,29.66,0.346
5.0,10.0,2.5,2.0,IS,4,680,3.3,3.23,-2.17,45.4,26.65,0.121
5.0,10.0,2.5,2.0,OOS,1,233,4.5,10.25,3.55,51.9,29.73,0.345
5.0,10.0,3.0,None,IS,4,677,3.3,3.26,-2.15,45.5,26.74,0.122
5.0,10.0,3.0,None,OOS,1,229,4.4,10.39,3.57,52.4,29.9,0.348
5.0,10.0,3.0,1.3,IS,4,675,3.2,3.31,-2.13,45.6,26.76,0.124
5.0,10.0,3.0,1.3,OOS,1,229,4.4,10.39,3.57,52.4,29.9,0.348
5.0,10.0,3.0,1.5,IS,4,674,3.2,3.34,-2.06,45.7,26.77,0.125
5.0,10.0,3.0,1.5,OOS,1,229,4.4,10.39,3.57,52.4,29.9,0.348
5.0,10.0,3.0,2.0,IS,4,671,3.2,3.37,-2.0,45.8,26.77,0.126
5.0,10.0,3.0,2.0,OOS,1,228,4.4,10.39,3.55,52.2,29.97,0.347
