VR,Price,Period,Years,Signals,Signals_Per_Week,Avg_Return,Median_Return,Win_Rate,Std,Sharpe,MDD,Avg_Win,Avg_Loss,Win_Loss_Ratio,Profit_Factor,Expected_Value,Best_Return,Worst_Return
2.0,3,IS,4,8351,40.1,1.33,-0.54,47.2,14.23,0.093,-100.0,11.3,-7.6,1.49,1.33,1.33,242.56,-54.93
2.0,3,OOS,1,2888,55.5,4.45,1.2,52.3,16.89,0.264,-100.0,14.78,-7.68,1.93,2.26,4.07,158.28,-44.31
2.0,5,IS,4,5242,25.2,1.65,-0.45,48.0,15.36,0.107,-100.0,12.42,-8.29,1.5,1.38,1.65,203.6,-54.93
2.0,5,OOS,1,2077,39.9,4.63,0.91,51.0,18.01,0.257,-100.0,16.02,-8.05,1.99,2.22,4.22,158.28,-44.31
2.0,7,IS,4,3139,15.1,1.82,-0.6,47.5,16.55,0.11,-100.0,13.87,-9.07,1.53,1.38,1.82,203.6,-54.93
2.0,7,OOS,1,1353,26.0,5.27,1.2,51.7,19.55,0.27,-99.94,17.46,-8.69,2.01,2.3,4.84,158.28,-44.31
2.0,8,IS,4,2458,11.8,1.98,-0.65,47.9,17.36,0.114,-99.95,14.55,-9.58,1.52,1.4,1.98,203.6,-54.93
2.0,8,OOS,1,1082,20.8,5.89,1.44,52.8,20.43,0.288,-99.83,18.24,-8.93,2.04,2.45,5.41,158.28,-41.87
2.0,9,IS,4,1952,9.4,2.11,-0.73,47.7,18.23,0.116,-99.88,15.44,-10.04,1.54,1.4,2.11,203.6,-54.93
2.0,9,OOS,1,860,16.5,6.19,1.26,52.2,21.06,0.294,-99.7,19.14,-8.99,2.13,2.5,5.7,158.28,-41.87
2.0,10,IS,4,1563,7.5,2.45,-0.73,48.0,19.06,0.129,-99.59,16.35,-10.38,1.58,1.45,2.45,203.6,-47.64
2.0,10,OOS,1,697,13.4,6.19,0.68,50.9,21.62,0.287,-99.62,20.07,-9.2,2.18,2.42,5.71,158.28,-41.87
2.0,12,IS,4,1025,4.9,2.62,-1.07,47.7,20.32,0.129,-99.43,17.73,-11.17,1.59,1.45,2.62,203.6,-43.82
2.0,12,OOS,1,475,9.1,6.34,0.41,50.1,22.8,0.278,-98.83,21.17,-9.5,2.23,2.38,5.87,158.28,-41.87
2.0,15,IS,4,566,2.7,2.28,-1.47,46.1,21.45,0.106,-99.73,18.6,-11.68,1.59,1.36,2.28,203.6,-43.82
2.0,15,OOS,1,262,5.0,6.01,-0.36,47.7,23.09,0.26,-88.11,22.06,-9.91,2.23,2.21,5.34,123.33,-41.87
2.5,3,IS,4,5816,28.0,1.39,-0.7,47.0,14.92,0.093,-100.0,11.84,-7.87,1.51,1.33,1.39,242.56,-54.93
2.5,3,OOS,1,2008,38.6,4.58,1.22,52.4,17.35,0.264,-99.99,15.14,-7.94,1.91,2.26,4.16,158.28,-44.31
2.5,5,IS,4,3977,19.1,1.52,-0.8,46.9,15.74,0.097,-100.0,12.84,-8.47,1.52,1.34,1.52,203.6,-54.93
2.5,5,OOS,1,1562,30.0,4.7,0.91,51.4,18.22,0.258,-99.96,16.09,-8.2,1.96,2.22,4.28,158.28,-44.31
2.5,7,IS,4,2597,12.5,1.76,-0.81,46.7,16.8,0.105,-99.99,14.2,-9.13,1.55,1.36,1.76,203.6,-54.93
2.5,7,OOS,1,1090,21.0,5.4,1.24,52.4,19.7,0.274,-99.73,17.42,-8.73,2.0,2.34,4.97,158.28,-44.31
2.5,8,IS,4,2105,10.1,1.86,-0.88,47.0,17.5,0.106,-99.94,14.77,-9.58,1.54,1.37,1.86,203.6,-54.93
2.5,8,OOS,1,900,17.3,5.7,1.24,52.6,20.31,0.281,-99.56,17.96,-8.83,2.03,2.41,5.25,158.28,-41.87
2.5,9,IS,4,1716,8.2,1.99,-1.01,47.0,18.32,0.109,-99.84,15.55,-10.01,1.55,1.38,1.99,203.6,-54.93
2.5,9,OOS,1,734,14.1,6.0,1.12,52.2,20.81,0.288,-99.44,18.77,-8.92,2.1,2.46,5.53,158.28,-41.87
2.5,10,IS,4,1396,6.7,2.52,-0.99,47.4,19.3,0.131,-99.64,16.73,-10.29,1.63,1.47,2.52,203.6,-43.82
2.5,10,OOS,1,605,11.6,6.03,0.56,50.7,21.46,0.281,-99.06,19.8,-9.13,2.17,2.39,5.55,158.28,-41.87
2.5,12,IS,4,948,4.6,2.76,-1.2,47.5,20.5,0.135,-99.24,18.04,-11.06,1.63,1.47,2.76,203.6,-43.82
2.5,12,OOS,1,421,8.1,6.16,0.41,50.4,22.48,0.274,-98.17,20.54,-9.32,2.2,2.37,5.72,158.28,-41.87
2.5,15,IS,4,537,2.6,2.32,-1.51,45.8,21.49,0.108,-99.63,18.81,-11.61,1.62,1.37,2.32,203.6,-43.82
2.5,15,OOS,1,236,4.5,6.02,0.38,48.7,22.65,0.266,-87.61,21.4,-9.77,2.19,2.25,5.42,123.33,-41.87
3.0,3,IS,4,4253,20.4,1.49,-0.69,47.0,15.44,0.096,-100.0,12.16,-7.99,1.52,1.35,1.49,242.56,-54.3
3.0,3,OOS,1,1449,27.9,4.77,1.0,52.2,17.95,0.266,-99.93,15.86,-8.07,1.96,2.27,4.41,158.28,-44.31
3.0,5,IS,4,3154,15.2,1.55,-0.89,46.4,16.01,0.097,-100.0,13.1,-8.45,1.55,1.34,1.55,203.6,-54.3
3.0,5,OOS,1,1187,22.8,4.97,0.82,51.5,18.82,0.264,-99.71,16.82,-8.29,2.03,2.27,4.64,158.28,-44.31
3.0,7,IS,4,2192,10.5,1.86,-0.74,46.9,16.92,0.11,-99.91,14.3,-9.1,1.57,1.38,1.86,203.6,-54.3
3.0,7,OOS,1,874,16.8,5.75,1.46,53.0,20.03,0.287,-99.41,17.93,-8.77,2.04,2.44,5.37,158.28,-44.31
3.0,8,IS,4,1806,8.7,1.97,-0.77,47.1,17.62,0.112,-99.91,14.9,-9.55,1.56,1.39,1.97,203.6,-43.82
3.0,8,OOS,1,742,14.3,5.84,1.5,53.0,20.37,0.287,-99.32,18.09,-8.84,2.05,2.45,5.42,158.28,-41.87
3.0,9,IS,4,1505,7.2,2.03,-1.01,47.0,18.35,0.111,-99.8,15.56,-9.96,1.56,1.38,2.03,203.6,-43.82
3.0,9,OOS,1,618,11.9,5.93,1.24,52.3,20.76,0.285,-99.05,18.72,-9.0,2.08,2.43,5.49,158.28,-41.87
3.0,10,IS,4,1245,6.0,2.49,-1.01,47.3,19.32,0.129,-99.36,16.67,-10.23,1.63,1.46,2.49,203.6,-43.82
3.0,10,OOS,1,519,10.0,5.86,0.56,50.7,21.31,0.275,-98.42,19.55,-9.22,2.12,2.33,5.36,158.28,-41.87
3.0,12,IS,4,868,4.2,2.78,-1.21,47.4,20.54,0.135,-98.43,18.0,-10.92,1.65,1.48,2.78,203.6,-43.82
3.0,12,OOS,1,366,7.0,6.05,0.41,50.5,22.41,0.27,-96.65,20.19,-9.34,2.16,2.35,5.59,158.28,-41.87
3.0,15,IS,4,500,2.4,2.17,-1.81,45.0,21.25,0.102,-99.86,18.55,-11.24,1.65,1.35,2.17,203.6,-43.82
3.0,15,OOS,1,208,4.0,6.14,0.39,49.0,23.2,0.265,-86.67,21.58,-9.93,2.17,2.26,5.52,123.33,-41.87
3.5,3,IS,4,3250,15.6,1.62,-0.72,46.9,16.21,0.1,-100.0,12.73,-8.19,1.55,1.37,1.62,242.56,-43.82
3.5,3,OOS,1,1071,20.6,4.82,0.82,51.8,18.39,0.262,-99.72,16.29,-8.13,2.0,2.26,4.53,158.28,-44.31
3.5,5,IS,4,2520,12.1,1.73,-0.91,46.4,16.55,0.105,-99.96,13.59,-8.54,1.59,1.38,1.73,203.6,-43.82
3.5,5,OOS,1,898,17.3,4.97,0.58,51.1,19.11,0.26,-99.2,17.14,-8.3,2.06,2.25,4.7,158.28,-44.31
3.5,7,IS,4,1851,8.9,2.01,-0.74,46.9,17.15,0.117,-99.69,14.55,-9.07,1.6,1.42,2.01,203.6,-43.82
3.5,7,OOS,1,707,13.6,5.64,1.41,52.8,19.99,0.282,-99.02,18.01,-8.74,2.06,2.4,5.38,158.28,-44.31
3.5,8,IS,4,1569,7.5,2.1,-0.74,47.3,17.79,0.118,-99.71,15.03,-9.51,1.58,1.42,2.1,203.6,-43.82
3.5,8,OOS,1,622,12.0,5.85,1.42,52.6,20.44,0.286,-98.45,18.39,-8.69,2.11,2.45,5.54,158.28,-41.87
3.5,9,IS,4,1320,6.3,2.06,-1.03,47.0,18.46,0.112,-99.63,15.59,-9.92,1.57,1.39,2.06,203.6,-43.82
3.5,9,OOS,1,523,10.1,5.96,1.0,52.0,20.72,0.288,-97.94,18.94,-8.82,2.15,2.44,5.62,158.28,-41.87
3.5,10,IS,4,1108,5.3,2.48,-1.05,47.4,19.44,0.128,-98.83,16.63,-10.25,1.62,1.46,2.48,203.6,-43.82
3.5,10,OOS,1,448,8.6,5.95,0.4,50.2,21.5,0.277,-96.29,20.0,-8.97,2.23,2.37,5.58,158.28,-41.87
3.5,12,IS,4,789,3.8,2.87,-1.24,47.7,20.74,0.139,-99.16,18.02,-10.92,1.65,1.5,2.87,203.6,-43.82
3.5,12,OOS,1,324,6.2,5.94,0.3,49.7,22.47,0.264,-96.3,20.44,-9.12,2.24,2.33,5.56,158.28,-41.87
3.5,15,IS,4,459,2.2,1.79,-2.33,44.0,21.17,0.084,-99.92,18.27,-11.17,1.64,1.29,1.79,203.6,-43.82
3.5,15,OOS,1,188,3.6,5.8,-0.9,47.9,22.98,0.252,-87.12,21.95,-10.0,2.19,2.15,5.29,123.33,-41.87
4.0,3,IS,4,2510,12.1,1.72,-0.82,46.8,16.64,0.103,-99.93,13.21,-8.38,1.58,1.39,1.72,242.56,-43.82
4.0,3,OOS,1,813,15.6,4.89,0.61,51.7,18.15,0.269,-99.37,16.58,-8.18,2.03,2.26,4.61,123.33,-41.87
4.0,5,IS,4,2011,9.7,1.85,-0.87,46.8,16.69,0.111,-99.56,13.86,-8.74,1.59,1.4,1.85,203.6,-43.82
4.0,5,OOS,1,701,13.5,5.01,0.55,50.9,18.61,0.269,-98.44,17.27,-8.25,2.09,2.26,4.74,123.33,-41.87
4.0,7,IS,4,1533,7.4,2.14,-0.64,47.4,17.25,0.124,-98.58,14.7,-9.2,1.6,1.44,2.14,203.6,-43.82
4.0,7,OOS,1,575,11.1,5.26,0.72,51.5,19.13,0.275,-98.39,17.89,-8.75,2.05,2.27,4.96,123.33,-41.87
4.0,8,IS,4,1320,6.3,2.23,-0.69,47.5,17.96,0.124,-98.5,15.25,-9.56,1.6,1.44,2.23,203.6,-43.82
4.0,8,OOS,1,510,9.8,5.43,0.73,51.4,19.58,0.277,-97.22,18.26,-8.82,2.07,2.3,5.09,123.33,-41.87
4.0,9,IS,4,1139,5.5,2.26,-0.96,47.0,18.53,0.122,-98.54,15.88,-9.82,1.62,1.43,2.26,203.6,-43.82
4.0,9,OOS,1,437,8.4,5.65,0.56,50.8,20.13,0.281,-95.41,18.98,-8.92,2.13,2.33,5.25,123.33,-41.87
4.0,10,IS,4,966,4.6,2.65,-1.01,47.4,19.4,0.137,-98.53,16.79,-10.1,1.66,1.5,2.65,203.6,-43.82
4.0,10,OOS,1,383,7.4,5.6,0.36,49.6,20.63,0.271,-93.66,19.69,-9.12,2.16,2.26,5.18,123.33,-41.87
4.0,12,IS,4,701,3.4,2.91,-1.46,47.1,20.72,0.14,-99.48,18.28,-10.76,1.7,1.51,2.91,203.6,-43.82
4.0,12,OOS,1,275,5.3,5.73,0.36,49.8,21.47,0.267,-95.94,19.97,-9.28,2.15,2.27,5.29,123.33,-41.87
4.0,15,IS,4,423,2.0,1.66,-2.69,43.3,20.98,0.079,-99.93,18.14,-10.9,1.66,1.27,1.66,203.6,-43.82
4.0,15,OOS,1,159,3.1,5.89,-0.74,47.8,23.63,0.249,-85.86,21.96,-9.97,2.2,2.17,5.29,123.33,-41.87
4.5,3,IS,4,1987,9.6,1.82,-0.9,46.8,17.26,0.105,-99.91,13.65,-8.6,1.59,1.4,1.82,242.56,-43.82
4.5,3,OOS,1,620,11.9,5.78,0.84,52.4,18.81,0.307,-98.39,17.58,-7.82,2.25,2.59,5.49,123.33,-41.87
4.5,5,IS,4,1641,7.9,2.03,-0.96,46.9,17.19,0.118,-98.7,14.4,-8.91,1.62,1.43,2.03,203.6,-43.82
4.5,5,OOS,1,541,10.4,5.9,0.62,51.9,19.3,0.306,-96.42,18.19,-7.9,2.3,2.59,5.65,123.33,-41.87
4.5,7,IS,4,1305,6.3,2.25,-0.74,47.3,17.71,0.127,-98.15,15.13,-9.3,1.63,1.46,2.25,203.6,-43.82
4.5,7,OOS,1,456,8.8,5.92,0.84,52.2,19.59,0.302,-96.55,18.53,-8.45,2.19,2.5,5.64,123.33,-41.87
4.5,8,IS,4,1138,5.5,2.38,-0.7,47.5,18.37,0.13,-98.22,15.64,-9.63,1.62,1.47,2.38,203.6,-43.82
4.5,8,OOS,1,411,7.9,5.99,0.73,52.1,19.97,0.3,-94.23,18.77,-8.54,2.2,2.5,5.68,123.33,-41.87
4.5,9,IS,4,996,4.8,2.45,-0.88,47.2,18.95,0.129,-98.36,16.26,-9.89,1.64,1.47,2.45,203.6,-43.82
4.5,9,OOS,1,355,6.8,6.18,0.42,51.0,20.52,0.301,-92.4,19.63,-8.57,2.29,2.51,5.81,123.33,-41.87
4.5,10,IS,4,851,4.1,2.74,-1.07,47.4,19.85,0.138,-97.97,17.18,-10.24,1.68,1.51,2.74,203.6,-43.82
4.5,10,OOS,1,317,6.1,6.06,0.37,50.2,20.98,0.289,-92.39,20.08,-8.8,2.28,2.42,5.68,123.33,-41.87
4.5,12,IS,4,632,3.0,2.91,-1.52,46.7,21.04,0.138,-99.24,18.58,-10.82,1.72,1.5,2.91,203.6,-43.82
4.5,12,OOS,1,233,4.5,6.05,0.3,49.8,22.07,0.274,-93.9,20.56,-9.25,2.22,2.34,5.59,123.33,-41.87
4.5,15,IS,4,384,1.8,1.72,-2.44,43.8,21.2,0.081,-99.84,18.02,-10.96,1.64,1.28,1.72,203.6,-43.82
4.5,15,OOS,1,138,2.7,6.77,0.38,49.3,24.45,0.277,-80.01,22.84,-10.03,2.28,2.38,6.16,123.33,-41.87
5.0,3,IS,4,1622,7.8,1.76,-1.0,46.4,17.4,0.101,-99.64,13.88,-8.72,1.59,1.38,1.76,242.56,-40.73
5.0,3,OOS,1,475,9.1,6.06,0.84,52.2,19.33,0.313,-96.71,18.23,-7.86,2.32,2.65,5.77,123.33,-41.87
5.0,5,IS,4,1367,6.6,1.8,-1.07,46.3,16.94,0.106,-98.72,14.33,-9.01,1.59,1.37,1.8,203.6,-40.73
5.0,5,OOS,1,410,7.9,6.21,0.6,52.0,19.96,0.311,-93.41,18.88,-8.0,2.36,2.64,5.96,123.33,-41.87
5.0,7,IS,4,1111,5.3,2.02,-1.04,46.4,17.68,0.114,-97.23,15.15,-9.36,1.62,1.4,2.02,203.6,-40.73
5.0,7,OOS,1,351,6.8,5.97,0.49,51.6,19.94,0.3,-93.28,18.88,-8.35,2.26,2.51,5.69,123.33,-41.87
5.0,8,IS,4,982,4.7,2.14,-0.77,47.0,18.27,0.117,-98.4,15.46,-9.69,1.6,1.42,2.14,203.6,-40.73
5.0,8,OOS,1,318,6.1,5.88,0.41,51.3,20.31,0.289,-89.7,18.95,-8.52,2.22,2.45,5.56,123.33,-41.87
5.0,9,IS,4,866,4.2,2.24,-0.98,46.9,18.74,0.12,-98.72,15.99,-9.9,1.62,1.43,2.24,203.6,-38.29
5.0,9,OOS,1,277,5.3,6.12,0.37,50.5,20.71,0.296,-84.79,19.67,-8.47,2.32,2.5,5.75,123.33,-41.87
5.0,10,IS,4,753,3.6,2.39,-1.17,47.0,19.46,0.123,-98.49,16.65,-10.27,1.62,1.44,2.39,203.6,-38.29
5.0,10,OOS,1,249,4.8,5.91,0.24,49.8,21.03,0.281,-83.22,19.84,-8.61,2.3,2.4,5.56,123.33,-41.87
5.0,12,IS,4,569,2.7,2.48,-1.7,46.0,20.8,0.119,-99.47,18.08,-10.83,1.67,1.42,2.48,203.6,-38.29
5.0,12,OOS,1,189,3.6,6.13,0.3,50.3,21.85,0.281,-86.78,20.18,-8.86,2.28,2.43,5.74,123.33,-41.87
5.0,15,IS,4,358,1.7,1.7,-2.69,43.3,21.37,0.08,-99.78,18.19,-10.89,1.67,1.28,1.7,203.6,-38.29
5.0,15,OOS,1,120,2.3,6.74,0.25,49.2,24.05,0.28,-76.35,22.66,-9.75,2.32,2.41,6.19,123.33,-41.87
5.5,3,IS,4,1323,6.4,1.9,-0.79,46.6,16.91,0.112,-98.66,14.06,-8.73,1.61,1.41,1.9,203.6,-38.29
5.5,3,OOS,1,372,7.2,5.8,0.57,51.9,19.43,0.299,-94.08,17.82,-7.85,2.27,2.58,5.47,123.33,-41.87
5.5,5,IS,4,1132,5.4,2.16,-1.01,46.3,17.58,0.123,-98.24,15.02,-8.92,1.68,1.45,2.16,203.6,-38.29
5.5,5,OOS,1,325,6.2,6.23,0.57,52.0,20.21,0.308,-90.0,18.79,-7.92,2.37,2.67,5.97,123.33,-41.87
5.5,7,IS,4,943,4.5,2.29,-1.03,46.3,18.21,0.126,-97.74,15.66,-9.26,1.69,1.46,2.29,203.6,-38.29
5.5,7,OOS,1,286,5.5,6.02,0.56,52.1,20.27,0.297,-89.47,18.73,-8.43,2.22,2.53,5.72,123.33,-41.87
5.5,8,IS,4,844,4.1,2.48,-0.7,47.3,18.72,0.132,-97.11,15.84,-9.5,1.67,1.49,2.48,203.6,-38.29
5.5,8,OOS,1,260,5.0,6.06,0.48,51.9,20.7,0.293,-83.61,18.94,-8.55,2.21,2.51,5.72,123.33,-41.87
5.5,9,IS,4,752,3.6,2.53,-0.7,47.5,19.22,0.132,-97.34,16.24,-9.86,1.65,1.49,2.53,203.6,-38.29
5.5,9,OOS,1,227,4.4,6.09,0.37,50.7,21.0,0.29,-78.79,19.52,-8.47,2.3,2.5,5.71,123.33,-41.87
5.5,10,IS,4,659,3.2,2.79,-0.74,47.6,19.98,0.14,-97.64,16.99,-10.13,1.68,1.53,2.79,203.6,-38.29
5.5,10,OOS,1,209,4.0,5.93,0.36,50.2,21.21,0.28,-75.04,19.46,-8.56,2.27,2.44,5.52,123.33,-41.87
5.5,12,IS,4,504,2.4,2.86,-1.45,46.4,21.23,0.135,-98.96,18.33,-10.56,1.74,1.5,2.86,203.6,-38.29
5.5,12,OOS,1,159,3.1,6.42,0.36,50.9,22.01,0.292,-83.71,19.93,-8.58,2.32,2.58,5.94,123.33,-41.87
5.5,15,IS,4,323,1.6,1.87,-2.55,43.3,21.85,0.086,-99.57,18.46,-10.82,1.71,1.31,1.87,203.6,-38.29
5.5,15,OOS,1,102,2.0,7.55,0.39,50.0,24.71,0.305,-71.21,23.09,-9.32,2.48,2.69,6.89,123.33,-41.87
6.0,3,IS,4,1098,5.3,2.03,-0.72,46.8,17.38,0.117,-98.34,14.34,-8.8,1.63,1.43,2.03,203.6,-38.29
6.0,3,OOS,1,303,5.8,5.07,0.56,51.2,18.1,0.28,-92.96,17.02,-8.16,2.09,2.31,4.72,105.7,-41.87
6.0,5,IS,4,944,4.5,2.29,-0.93,46.6,18.02,0.127,-96.53,15.21,-8.99,1.69,1.48,2.29,203.6,-38.29
6.0,5,OOS,1,266,5.1,5.23,0.41,50.4,18.82,0.278,-91.3,18.01,-8.36,2.16,2.29,4.93,105.7,-41.87
6.0,7,IS,4,800,3.8,2.4,-1.01,46.5,18.59,0.129,-95.55,15.85,-9.28,1.71,1.48,2.4,203.6,-38.29
6.0,7,OOS,1,236,4.5,5.31,0.41,50.4,19.49,0.272,-90.33,18.52,-8.86,2.09,2.24,4.95,105.7,-41.87
6.0,8,IS,4,722,3.5,2.47,-0.72,47.1,19.05,0.13,-95.44,15.97,-9.54,1.67,1.49,2.47,203.6,-38.29
6.0,8,OOS,1,218,4.2,5.01,0.3,49.1,19.69,0.254,-87.49,18.65,-8.89,2.1,2.14,4.63,105.7,-41.87
6.0,9,IS,4,652,3.1,2.54,-0.72,47.2,19.42,0.131,-95.73,16.29,-9.78,1.67,1.49,2.54,203.6,-38.29
6.0,9,OOS,1,191,3.7,4.85,-0.62,47.6,19.64,0.247,-83.82,18.98,-8.83,2.15,2.08,4.42,105.7,-41.87
6.0,10,IS,4,576,2.8,2.75,-0.77,47.6,20.2,0.136,-95.66,16.93,-10.12,1.67,1.52,2.75,203.6,-38.29
6.0,10,OOS,1,178,3.4,4.36,-0.89,46.6,19.49,0.224,-80.94,18.51,-8.83,2.1,1.96,3.92,105.7,-41.87
6.0,12,IS,4,447,2.1,2.67,-1.51,46.1,21.28,0.125,-98.08,18.03,-10.46,1.72,1.47,2.67,203.6,-38.29
6.0,12,OOS,1,138,2.7,4.63,-0.45,47.8,19.49,0.238,-83.91,18.32,-8.85,2.07,2.04,4.15,105.7,-41.87
6.0,15,IS,4,289,1.4,1.99,-2.33,42.9,22.31,0.089,-98.98,18.83,-10.67,1.76,1.33,1.99,203.6,-38.29
6.0,15,OOS,1,91,1.8,5.87,-0.74,47.3,22.03,0.266,-71.21,21.5,-9.41,2.28,2.23,5.19,105.7,-41.87
6.5,3,IS,4,938,4.5,2.3,-0.63,47.3,17.84,0.129,-96.83,14.69,-8.84,1.66,1.49,2.3,203.6,-38.29
6.5,3,OOS,1,242,4.7,6.08,1.42,54.5,19.04,0.319,-88.15,17.32,-8.47,2.04,2.64,5.59,105.7,-41.87
6.5,5,IS,4,810,3.9,2.68,-0.7,47.5,18.54,0.145,-93.5,15.6,-9.03,1.73,1.57,2.68,203.6,-38.29
6.5,5,OOS,1,215,4.1,6.46,1.24,54.0,19.78,0.327,-86.11,18.53,-8.59,2.16,2.69,6.04,105.7,-41.87
6.5,7,IS,4,686,3.3,2.88,-0.63,47.7,19.11,0.15,-94.77,16.21,-9.28,1.75,1.59,2.88,203.6,-38.29
6.5,7,OOS,1,194,3.7,6.56,1.12,54.1,20.41,0.321,-87.53,18.95,-9.11,2.08,2.63,6.08,105.7,-41.87
6.5,8,IS,4,624,3.0,3.0,-0.5,48.4,19.64,0.153,-94.21,16.43,-9.6,1.71,1.61,3.0,203.6,-38.29
6.5,8,OOS,1,180,3.5,6.25,0.72,52.8,20.62,0.303,-83.77,19.05,-9.15,2.08,2.51,5.74,105.7,-41.87
6.5,9,IS,4,569,2.7,2.99,-0.51,48.2,19.97,0.15,-94.68,16.74,-9.79,1.71,1.59,2.99,203.6,-38.29
6.5,9,OOS,1,156,3.0,6.1,0.48,51.3,20.56,0.297,-80.18,19.3,-8.99,2.15,2.45,5.52,105.7,-41.87
6.5,10,IS,4,510,2.5,3.24,-0.52,48.4,20.7,0.156,-93.54,17.37,-10.04,1.73,1.63,3.24,203.6,-38.29
6.5,10,OOS,1,147,2.8,5.99,0.41,51.0,20.53,0.292,-78.25,19.17,-8.98,2.13,2.43,5.38,105.7,-41.87
6.5,12,IS,4,403,1.9,3.16,-1.17,46.9,21.81,0.145,-95.4,18.55,-10.43,1.78,1.57,3.16,203.6,-38.29
6.5,12,OOS,1,117,2.2,6.23,0.48,52.1,20.45,0.305,-80.45,19.07,-9.13,2.09,2.5,5.57,105.7,-41.87
6.5,15,IS,4,266,1.3,2.45,-2.18,43.6,22.78,0.107,-98.02,19.32,-10.61,1.82,1.41,2.45,203.6,-38.29
6.5,15,OOS,1,83,1.6,7.04,0.4,49.4,22.58,0.312,-72.0,22.21,-9.32,2.38,2.57,6.26,105.7,-41.87
7.0,3,IS,4,783,3.8,1.66,-0.8,45.5,16.59,0.1,-98.95,14.42,-8.98,1.61,1.34,1.66,93.97,-38.29
7.0,3,OOS,1,198,3.8,7.0,2.35,56.6,19.94,0.351,-88.97,18.39,-8.55,2.15,2.94,6.69,105.7,-41.87
7.0,5,IS,4,681,3.3,1.91,-1.04,45.5,17.13,0.111,-98.15,15.21,-9.21,1.65,1.38,1.91,93.97,-38.29
7.0,5,OOS,1,176,3.4,7.48,2.32,55.1,20.9,0.358,-88.02,20.17,-8.73,2.31,2.95,7.2,105.7,-41.87
7.0,7,IS,4,589,2.8,2.06,-1.04,45.7,17.3,0.119,-97.14,15.59,-9.32,1.67,1.41,2.06,93.97,-38.29
7.0,7,OOS,1,162,3.1,7.64,2.32,55.6,21.43,0.356,-88.16,20.48,-9.12,2.25,2.93,7.33,105.7,-41.87
7.0,8,IS,4,534,2.6,2.13,-0.88,46.4,17.71,0.12,-97.36,15.73,-9.66,1.63,1.41,2.13,93.97,-38.29
7.0,8,OOS,1,150,2.9,7.36,1.42,54.7,21.64,0.34,-85.13,20.45,-9.16,2.23,2.82,7.03,105.7,-41.87
7.0,9,IS,4,485,2.3,2.19,-1.01,46.2,18.21,0.121,-97.78,16.33,-9.94,1.64,1.41,2.19,93.97,-38.29
7.0,9,OOS,1,129,2.5,7.28,0.92,53.5,21.58,0.338,-79.67,20.74,-9.01,2.3,2.79,6.91,105.7,-41.87
7.0,10,IS,4,437,2.1,2.39,-1.02,46.5,18.85,0.127,-98.28,16.97,-10.26,1.65,1.44,2.39,93.97,-38.29
7.0,10,OOS,1,121,2.3,7.35,1.04,53.7,21.56,0.341,-76.89,20.68,-9.0,2.3,2.82,6.94,105.7,-41.87
7.0,12,IS,4,352,1.7,2.09,-1.8,44.6,19.51,0.107,-99.24,17.85,-10.61,1.68,1.36,2.09,93.97,-38.29
7.0,12,OOS,1,99,1.9,7.34,1.04,54.5,21.4,0.343,-74.92,20.31,-9.34,2.18,2.8,6.83,105.7,-41.87
7.0,15,IS,4,237,1.1,1.2,-2.28,42.2,18.86,0.064,-99.6,17.49,-10.68,1.64,1.19,1.2,88.77,-38.29
7.0,15,OOS,1,69,1.3,8.37,0.51,50.7,23.88,0.351,-63.87,24.13,-9.42,2.56,2.89,7.6,105.7,-41.87
8.0,3,IS,4,574,2.8,1.74,-0.98,45.5,16.99,0.102,-98.45,14.88,-9.22,1.61,1.35,1.74,88.77,-38.29
8.0,3,OOS,1,129,2.5,5.91,0.41,50.4,21.0,0.281,-89.35,19.69,-8.77,2.24,2.39,5.57,105.7,-41.87
8.0,5,IS,4,511,2.5,1.95,-1.16,45.4,17.35,0.112,-98.23,15.52,-9.34,1.66,1.38,1.95,88.77,-38.29
8.0,5,OOS,1,117,2.2,6.23,-0.51,48.7,21.84,0.285,-88.44,21.57,-8.85,2.44,2.39,5.97,105.7,-41.87
8.0,7,IS,4,447,2.1,2.03,-1.21,45.0,17.66,0.115,-96.66,16.18,-9.54,1.7,1.39,2.03,88.77,-38.29
8.0,7,OOS,1,107,2.1,6.4,0.4,49.5,22.42,0.285,-88.35,21.76,-9.25,2.35,2.4,6.11,105.7,-41.87
8.0,8,IS,4,411,2.0,2.06,-1.04,45.7,17.95,0.115,-97.65,16.21,-9.88,1.64,1.38,2.06,88.77,-38.29
8.0,8,OOS,1,98,1.9,6.07,-0.32,49.0,22.53,0.27,-84.09,21.46,-9.32,2.3,2.3,5.76,105.7,-41.87
8.0,9,IS,4,375,1.8,2.0,-1.22,45.3,18.36,0.109,-98.19,16.63,-10.14,1.64,1.36,2.0,88.77,-38.29
8.0,9,OOS,1,83,1.6,5.86,-1.25,47.0,22.73,0.258,-78.24,22.31,-9.41,2.37,2.2,5.49,105.7,-41.87
8.0,10,IS,4,340,1.6,2.19,-1.29,45.6,18.95,0.116,-98.57,17.23,-10.42,1.65,1.39,2.19,88.77,-38.29
8.0,10,OOS,1,76,1.5,5.71,-1.3,46.1,22.68,0.252,-75.27,22.37,-9.25,2.42,2.17,5.31,105.7,-41.87
8.0,12,IS,4,280,1.3,1.85,-2.18,44.3,19.43,0.095,-98.8,17.83,-10.85,1.64,1.31,1.85,88.77,-38.29
8.0,12,OOS,1,64,1.2,6.27,-1.2,46.9,24.17,0.26,-71.22,23.77,-10.13,2.35,2.2,5.76,105.7,-41.87
8.0,15,IS,4,194,0.9,1.05,-2.44,41.8,19.47,0.054,-99.48,17.9,-11.03,1.62,1.16,1.05,88.77,-38.29
8.0,15,OOS,1,47,0.9,8.04,-2.65,44.7,27.11,0.296,-60.43,29.28,-10.55,2.78,2.43,7.25,105.7,-41.87
