Strategy,Signals,Avg_Return_10D,Avg_Return_20D,Win_Rate_10D,Win_Rate_20D,Median_Return_20D,Std_Return_20D,Max_Gain_20D,Max_Loss_20D,Period,Track,Combo_Size,Description
개인_BUY,1007,2.471812752786217,3.9951535228395083,47.368421052631575,47.666335650446875,-1.076923076923075,25.362979865355527,232.2259136212625,-46.889952153110045,IS,A,1.0,
개인_SELL,2872,1.2737065816414617,2.127065651943606,46.58774373259053,44.60306406685237,-1.7972354047092576,22.070116082935193,313.9499620924944,-58.09954751131221,IS,A,1.0,
외국인_BUY,2763,1.3301721060258123,2.3535373035177636,46.579804560260584,44.878754976474845,-1.7766497461928932,22.52140007959516,313.9499620924944,-58.09954751131221,IS,A,1.0,
외국인_SELL,1116,2.2149957128859126,3.251996935718497,47.31182795698925,46.68458781362007,-1.4333393201167555,24.081560088497138,232.2259136212625,-46.889952153110045,IS,A,1.0,
금융투자_BUY,2225,1.0591051237784177,2.1433695926279626,46.29213483146067,44.539325842696634,-1.929824561403504,22.217802731832037,313.9499620924944,-46.889952153110045,IS,A,1.0,
금융투자_SELL,1654,2.2918330375592615,3.242475699083558,47.460701330108826,46.553808948004836,-1.3229456306944387,23.963029433735972,232.2259136212625,-58.09954751131221,IS,A,1.0,
연기금_BUY,2301,1.3591242676610773,1.9266064720257277,46.9361147327249,45.588874402433724,-1.6853932584269704,19.86676557829225,201.72413793103448,-45.03538928210313,IS,A,1.0,
연기금_SELL,1578,1.9137235770860959,3.61148964369469,46.57794676806083,45.12040557667934,-1.8130801621714654,26.85994583775409,313.9499620924944,-58.09954751131221,IS,A,1.0,
개인_BUY & 외국인_BUY,97,1.6901130256379795,6.054852545313187,45.36082474226804,49.48453608247423,-1.0489510489510523,26.85402242108987,111.98538105987316,-45.03538928210313,IS,A,2.0,
개인_BUY & 외국인_SELL,910,2.555136789636084,3.77560318747693,47.58241758241758,47.47252747252747,-1.1080824451975169,25.204461187122668,232.2259136212625,-46.889952153110045,IS,A,2.0,
개인_SELL & 외국인_BUY,2666,1.3170759810436745,2.2188682943451616,46.62415603900975,44.711177794448616,-1.792657975640849,22.342356300767435,313.9499620924944,-58.09954751131221,IS,A,2.0,
개인_SELL & 외국인_SELL,206,0.7124307621934066,0.9389790274652267,46.116504854368934,43.203883495145625,-2.1363375770095283,18.186721551909006,95.07079181961196,-35.604606525911706,IS,A,2.0,
개인_BUY & 금융투자_BUY,399,1.4826740849980855,3.239508337679271,46.11528822055138,46.365914786967416,-2.181208053691275,23.484672661464565,140.49513704686115,-46.889952153110045,IS,A,2.0,
개인_BUY & 금융투자_SELL,608,3.1209350035221783,4.4910456756009145,48.19078947368421,48.51973684210527,-0.5248735438029561,26.530707404658195,232.2259136212625,-45.03538928210313,IS,A,2.0,
개인_SELL & 금융투자_BUY,1826,0.9665508984078552,1.9038518712284709,46.33077765607886,44.14019715224535,-1.8372568431067493,21.930672386197298,313.9499620924944,-42.34034876728804,IS,A,2.0,
개인_SELL & 금융투자_SELL,1046,1.8099076118370305,2.5167294794635273,47.03632887189293,45.41108986615679,-1.7711016746458363,22.31664027667596,168.67567567567568,-58.09954751131221,IS,A,2.0,
개인_BUY & 연기금_BUY,421,1.8342640392953191,2.9111029563202138,46.318289786223275,47.74346793349169,-1.1050537792839266,21.820286791578745,145.05828687278256,-45.03538928210313,IS,A,2.0,
개인_BUY & 연기금_SELL,586,2.9298468967788245,4.773968008342279,48.122866894197955,47.610921501706486,-1.0629370629370638,27.621303043094095,232.2259136212625,-46.889952153110045,IS,A,2.0,
개인_SELL & 연기금_BUY,1880,1.2527232868855367,1.7061420997448884,47.07446808510639,45.1063829787234,-1.752169636599754,19.401795853292132,201.72413793103448,-42.48520710059172,IS,A,2.0,
개인_SELL & 연기금_SELL,992,1.3134733096063187,2.9247836742556927,45.66532258064516,43.649193548387096,-1.9687856656567804,26.389914332424304,313.9499620924944,-58.09954751131221,IS,A,2.0,
외국인_BUY & 금융투자_BUY,1683,1.0497732709709073,2.154643494513413,46.464646464646464,44.32560903149139,-1.8610421836228297,22.50413441048373,313.9499620924944,-42.34034876728804,IS,A,2.0,
외국인_BUY & 금융투자_SELL,1080,1.7671269573197061,2.6634801558828753,46.75925925925926,45.74074074074074,-1.7328910375395354,22.55521063484815,168.67567567567568,-58.09954751131221,IS,A,2.0,
외국인_SELL & 금융투자_BUY,542,1.0880820763153924,2.1083622552235104,45.75645756457565,45.20295202952029,-2.2041790595941246,21.324379055831,140.49513704686115,-46.889952153110045,IS,A,2.0,
외국인_SELL & 금융투자_SELL,574,3.279084895849713,4.331874978973345,48.78048780487805,48.08362369337979,-0.7477051460361595,26.395627471534837,232.2259136212625,-43.93024815560027,IS,A,2.0,
외국인_BUY & 연기금_BUY,1719,1.2348909291281005,1.7350653550390978,47.062245491564866,45.43339150668994,-1.6949152542372836,19.5407493475281,201.72413793103448,-45.03538928210313,IS,A,2.0,
외국인_BUY & 연기금_SELL,1044,1.487057492124631,3.371883356616255,45.785440613026815,43.96551724137931,-1.9687856656567804,26.6934723981475,313.9499620924944,-58.09954751131221,IS,A,2.0,
외국인_SELL & 연기금_BUY,582,1.7260608809569307,2.4923438948779917,46.56357388316151,46.04810996563574,-1.5274626024971591,20.806926557514277,145.05828687278256,-38.36477987421384,IS,A,2.0,
외국인_SELL & 연기금_SELL,534,2.747879743190533,4.0799333959603965,48.12734082397004,47.37827715355805,-1.0866873065015437,27.201538520280522,232.2259136212625,-46.889952153110045,IS,A,2.0,
금융투자_BUY & 연기금_BUY,1427,0.835307359031662,1.7936747013478742,46.32095304835319,44.77925718290119,-1.7766497461928932,19.44167532696226,201.72413793103448,-42.34034876728804,IS,A,2.0,
금융투자_BUY & 연기금_SELL,798,1.4593048860511253,2.7687011839270688,46.2406015037594,44.11027568922306,-2.101229434562768,26.468194764974392,313.9499620924944,-46.889952153110045,IS,A,2.0,
금융투자_SELL & 연기금_BUY,874,2.214372240903841,2.143647246347579,47.94050343249428,46.910755148741416,-1.4437409007926447,20.551368639455664,145.05828687278256,-45.03538928210313,IS,A,2.0,
금융투자_SELL & 연기금_SELL,780,2.3786288532987965,4.47372706791849,46.92307692307692,46.15384615384615,-1.2028819271259594,27.24490560245665,232.2259136212625,-58.09954751131221,IS,A,2.0,
개인_BUY & 외국인_BUY & 금융투자_BUY,17,6.894061895318901,16.45222051448488,47.05882352941176,47.05882352941176,-2.079002079002079,39.559579053313904,111.98538105987316,-17.529880478087644,IS,A,3.0,
개인_BUY & 외국인_BUY & 금융투자_SELL,80,0.5842738908307844,3.8454118518642004,45.0,50.0,-0.15817515817516115,23.04690141850983,74.42748091603053,-45.03538928210313,IS,A,3.0,
개인_BUY & 외국인_SELL & 금융투자_BUY,382,1.2418531615021327,2.65150805755965,46.07329842931937,46.33507853403142,-2.3299222365345207,22.411661128686607,140.49513704686115,-46.889952153110045,IS,A,3.0,
개인_BUY & 외국인_SELL & 금융투자_SELL,528,3.5052775963542078,4.588868982227688,48.67424242424242,48.29545454545455,-0.5248735438029561,27.03761511742873,232.2259136212625,-43.93024815560027,IS,A,3.0,
개인_SELL & 외국인_BUY & 금융투자_BUY,1666,0.9901376727632747,2.00874985145248,46.45858343337335,44.29771908763505,-1.8372568431067493,22.236450944763643,313.9499620924944,-42.34034876728804,IS,A,3.0,
개인_SELL & 외국인_BUY & 금융투자_SELL,1000,1.8617552026388202,2.568925620204369,46.9,45.4,-1.7630422683386326,22.524494070540342,168.67567567567568,-58.09954751131221,IS,A,3.0,
개인_SELL & 외국인_SELL & 금융투자_BUY,160,0.7209536104320506,0.8116016521459768,45.0,42.5,-1.9473061700096106,18.472666481058713,95.07079181961196,-35.604606525911706,IS,A,3.0,
개인_SELL & 외국인_SELL & 금융투자_SELL,46,0.6827860726676883,1.3820307677060966,50.0,45.65217391304348,-2.6716940479396714,17.34388211243503,43.13432835820896,-27.80373831775701,IS,A,3.0,
개인_BUY & 외국인_BUY & 연기금_BUY,23,-1.1258795791800351,1.9274994237606182,56.52173913043478,56.52173913043478,2.183406113537112,23.71467535919813,49.05213270142179,-45.03538928210313,IS,A,3.0,
개인_BUY & 외국인_BUY & 연기금_SELL,74,2.5653539703787143,7.337678515525471,41.891891891891895,47.2972972972973,-1.5231442518094607,27.781738898874906,111.98538105987316,-34.77366255144033,IS,A,3.0,
개인_BUY & 외국인_SELL & 연기금_BUY,398,2.0053276152373622,2.967944366493255,45.7286432160804,47.23618090452261,-1.2192723697148464,21.73671391392613,145.05828687278256,-38.36477987421384,IS,A,3.0,
개인_BUY & 외국인_SELL & 연기금_SELL,512,2.9825275150475905,4.403431724100958,49.0234375,47.65625,-0.9080061250723415,27.60561954532026,232.2259136212625,-46.889952153110045,IS,A,3.0,
개인_SELL & 외국인_BUY & 연기금_BUY,1696,1.2669060952195434,1.73245569490903,46.93396226415094,45.28301886792453,-1.7257925739625422,19.48646439043274,201.72413793103448,-42.48520710059172,IS,A,3.0,
개인_SELL & 외국인_BUY & 연기금_SELL,970,1.404795698938237,3.069338158926274,46.08247422680412,43.71134020618557,-1.9687856656567804,26.59920971414063,313.9499620924944,-58.09954751131221,IS,A,3.0,
개인_SELL & 외국인_SELL & 연기금_BUY,184,1.1219947926764322,1.4635993964928005,48.369565217391305,43.47826086956522,-2.1363375770095283,18.6527200360039,95.07079181961196,-35.604606525911706,IS,A,3.0,
개인_SELL & 외국인_SELL & 연기금_SELL,22,-2.7130138563919015,-3.4487549680381204,27.27272727272727,40.909090909090914,-2.0319370516084234,13.203312218485443,19.65471447543161,-31.789473684210524,IS,A,3.0,
개인_BUY & 금융투자_BUY & 연기금_BUY,178,0.28463709837378304,2.069209954815595,42.69662921348314,43.82022471910113,-3.3191477525589654,21.02744905122214,88.52459016393443,-38.36477987421384,IS,A,3.0,
개인_BUY & 금융투자_BUY & 연기금_SELL,221,2.447608852505442,4.18210160532513,48.86877828054298,48.41628959276018,-1.4312719416689212,25.298899334983908,140.49513704686115,-46.889952153110045,IS,A,3.0,
개인_BUY & 금융투자_SELL & 연기금_BUY,243,2.969381716184346,3.5277982413729787,48.971193415637856,50.617283950617285,0.3472222222222321,22.40615833424043,145.05828687278256,-45.03538928210313,IS,A,3.0,
개인_BUY & 금융투자_SELL & 연기금_SELL,365,3.2218321235854477,5.132330953730744,47.671232876712324,47.12328767123288,-1.0489510489510523,28.96501979642581,232.2259136212625,-43.93024815560027,IS,A,3.0,
개인_SELL & 금융투자_BUY & 연기금_BUY,1249,0.9137855867315038,1.7544070671467098,46.83746997598078,44.91593274619696,-1.6949152542372836,19.21373234691831,201.72413793103448,-42.34034876728804,IS,A,3.0,
개인_SELL & 금융투자_BUY & 연기금_SELL,577,1.0807690514126438,2.227346776424519,45.233968804159446,42.46100519930676,-2.1844660194174748,26.904293901999132,313.9499620924944,-39.93549332942384,IS,A,3.0,
개인_SELL & 금융투자_SELL & 연기금_BUY,631,1.9236158185691936,1.61060653035523,47.543581616481774,45.48335974643423,-1.7980636237897696,19.7838177832632,142.58402444347445,-42.48520710059172,IS,A,3.0,
개인_SELL & 금융투자_SELL & 연기금_SELL,415,1.6370163384683674,3.8944730478667466,46.265060240963855,45.30120481927711,-1.3812154696132617,25.658308916148442,168.67567567567568,-58.09954751131221,IS,A,3.0,
외국인_BUY & 금융투자_BUY & 연기금_BUY,1111,0.8697383576218707,1.7871517130747483,46.714671467146715,45.184518451845186,-1.6813450760608473,19.232504756330236,201.72413793103448,-42.34034876728804,IS,A,3.0,
외국인_BUY & 금융투자_BUY & 연기금_SELL,572,1.3994564680526902,2.868425608461589,45.97902097902098,42.65734265734265,-2.1627287831809228,27.784728529073792,313.9499620924944,-39.93549332942384,IS,A,3.0,
외국인_BUY & 금융투자_SELL & 연기금_BUY,608,1.9021351839692544,1.6398878159311907,47.69736842105263,45.88815789473684,-1.752169636599754,20.107497891109134,142.58402444347445,-45.03538928210313,IS,A,3.0,
외국인_BUY & 금융투자_SELL & 연기금_SELL,472,1.593218055194865,3.9820058819223334,45.55084745762712,45.55084745762712,-1.3332812566575314,25.323936327352225,168.67567567567568,-58.09954751131221,IS,A,3.0,
외국인_SELL & 금융투자_BUY & 연기금_BUY,316,0.7142540696844408,1.8166083721435786,44.936708860759495,43.35443037974683,-2.4672701768969016,20.191182545619178,95.07079181961196,-38.36477987421384,IS,A,3.0,
외국인_SELL & 금융투자_BUY & 연기금_SELL,226,1.6107796431091124,2.5163013129812914,46.902654867256636,47.78761061946903,-1.405291143248255,22.85447144864424,140.49513704686115,-46.889952153110045,IS,A,3.0,
외국인_SELL & 금융투자_SELL & 연기금_BUY,266,2.9280569424686114,3.295097373013609,48.49624060150376,49.24812030075188,-0.13492063492063222,21.526215793356787,145.05828687278256,-32.45098039215686,IS,A,3.0,
외국인_SELL & 금융투자_SELL & 연기금_SELL,308,3.582245401042484,5.227273820484026,49.02597402597403,47.07792207792208,-0.9080061250723415,29.978156028048552,232.2259136212625,-43.93024815560027,IS,A,3.0,
개인_BUY & 외국인_BUY & 금융투자_BUY & 연기금_SELL,17,6.894061895318901,16.45222051448488,47.05882352941176,47.05882352941176,-2.079002079002079,39.559579053313904,111.98538105987316,-17.529880478087644,IS,A,4.0,
개인_BUY & 외국인_BUY & 금융투자_SELL & 연기금_BUY,23,-1.1258795791800351,1.9274994237606182,56.52173913043478,56.52173913043478,2.183406113537112,23.71467535919813,49.05213270142179,-45.03538928210313,IS,A,4.0,
개인_BUY & 외국인_BUY & 금융투자_SELL & 연기금_SELL,57,1.274335817326378,4.619306340397225,40.35087719298245,47.368421052631575,-1.076923076923075,22.940289099923145,74.42748091603053,-34.77366255144033,IS,A,4.0,
개인_BUY & 외국인_SELL & 금융투자_BUY & 연기금_BUY,178,0.28463709837378304,2.069209954815595,42.69662921348314,43.82022471910113,-3.3191477525589654,21.02744905122214,88.52459016393443,-38.36477987421384,IS,A,4.0,
개인_BUY & 외국인_SELL & 금융투자_BUY & 연기금_SELL,204,2.0770710989376537,3.159591696228483,49.01960784313725,48.529411764705884,-0.9839380022641286,23.592961151810037,140.49513704686115,-46.889952153110045,IS,A,4.0,
개인_BUY & 외국인_SELL & 금융투자_SELL & 연기금_BUY,220,3.397522669790622,3.6951022086688163,48.18181818181818,50.0,0.0632511068943686,22.315212498706252,145.05828687278256,-32.45098039215686,IS,A,4.0,
개인_BUY & 외국인_SELL & 금융투자_SELL & 연기금_SELL,308,3.582245401042484,5.227273820484026,49.02597402597403,47.07792207792208,-0.9080061250723415,29.978156028048552,232.2259136212625,-43.93024815560027,IS,A,4.0,
개인_SELL & 외국인_BUY & 금융투자_BUY & 연기금_BUY,1111,0.8697383576218707,1.7871517130747483,46.714671467146715,45.184518451845186,-1.6813450760608473,19.232504756330236,201.72413793103448,-42.34034876728804,IS,A,4.0,
개인_SELL & 외국인_BUY & 금융투자_BUY & 연기금_SELL,555,1.2311532387490405,2.4523454041329487,45.94594594594595,42.52252252252252,-2.1844660194174748,27.28822829577726,313.9499620924944,-39.93549332942384,IS,A,4.0,
개인_SELL & 외국인_BUY & 금융투자_SELL & 연기금_BUY,585,2.021185337050338,1.6285800091276403,47.350427350427346,45.47008547008547,-1.7964071856287456,19.97612434429257,142.58402444347445,-42.48520710059172,IS,A,4.0,
개인_SELL & 외국인_BUY & 금융투자_SELL & 연기금_SELL,415,1.6370163384683674,3.8944730478667466,46.265060240963855,45.30120481927711,-1.3812154696132617,25.658308916148442,168.67567567567568,-58.09954751131221,IS,A,4.0,
개인_SELL & 외국인_SELL & 금융투자_BUY & 연기금_BUY,138,1.2683976993460138,1.4907889394217024,47.82608695652174,42.7536231884058,-1.9473061700096106,19.129450747248576,95.07079181961196,-35.604606525911706,IS,A,4.0,
개인_SELL & 외국인_SELL & 금융투자_BUY & 연기금_SELL,22,-2.7130138563919015,-3.4487549680381204,27.27272727272727,40.909090909090914,-2.0319370516084234,13.203312218485443,19.65471447543161,-31.789473684210524,IS,A,4.0,
개인_SELL & 외국인_SELL & 금융투자_SELL & 연기금_BUY,46,0.6827860726676883,1.3820307677060966,50.0,45.65217391304348,-2.6716940479396714,17.34388211243503,43.13432835820896,-27.80373831775701,IS,A,4.0,
Smart_Alignment,1719,1.2348909291281005,1.7350653550390978,47.062245491564866,45.43339150668994,-1.6949152542372836,19.5407493475281,201.72413793103448,-45.03538928210313,IS,B,,외국인 BUY AND 연기금 BUY
Retail_Exhaustion,2872,1.2737065816414617,2.127065651943606,46.58774373259053,44.60306406685237,-1.7972354047092576,22.070116082935193,313.9499620924944,-58.09954751131221,IS,B,,개인 SELL (투매)
Handover,2850,1.3044812657245264,2.17010707427329,46.73684210526316,44.631578947368425,-1.7972354047092576,22.120678994862946,313.9499620924944,-58.09954751131221,IS,B,,개인 SELL AND (외국인 OR 연기금 BUY)
Foreigner_Extreme_Buy,1610,1.632044526253539,2.583540999148152,47.329192546583855,45.15527950310559,-1.7037125861241953,22.637741705138765,313.9499620924944,-45.03538928210313,IS,C,,외국인 Z > 2.0 (2시그마 폭매수)
Retail_Extreme_Sell,1760,1.463464519724261,2.2744603025168044,47.159090909090914,45.0,-1.7492074899273513,22.394649147610018,313.9499620924944,-44.03684550743374,IS,C,,개인 Z < -2.0 (2시그마 투매)
Foreigner_OR_Retail_Extreme,1889,1.5079157148975635,2.424326936559424,47.273689782953944,45.10322922181048,-1.712509918011107,22.34046257241972,313.9499620924944,-45.03538928210313,IS,C,,외국인 Z > 2.0 OR 개인 Z < -2.0
Institution_Extreme_Buy,674,1.3497626214018639,2.507543361299928,47.92284866468843,45.103857566765576,-1.3761540282490325,21.536540961419867,201.72413793103448,-36.578449905482046,IS,C,,금융투자 Z > 2.0 (기관 폭매수)
Smart_Money_Extreme,2082,1.2649733439866613,2.1472974834382885,46.30163304514889,44.764649375600385,-1.7630422683386326,21.89114609095476,313.9499620924944,-58.09954751131221,IS,C,,(외국인 Z > 1.5 OR 연기금 Z > 1.5) AND 개인 Z < -1.0
Foreigner_Moderate,2120,1.4258965262148902,2.3135746479861834,46.65094339622641,44.528301886792455,-1.8961443723922944,21.98202843584403,313.9499620924944,-58.09954751131221,IS,C,,외국인 Z > 1.0 (1시그마 이상)
Retail_Moderate_Sell,2245,1.1827788762651485,1.902503485851486,46.28062360801782,44.766146993318486,-1.7766497461928932,21.466985358204706,313.9499620924944,-58.09954751131221,IS,C,,개인 Z < -1.0 (1시그마 이상 매도)
개인_BUY,298,5.597653433989792,8.771069040942612,51.28205128205128,53.355704697986575,1.4998228555682447,30.863457084268234,260.7361963190184,-37.945879458794586,OOS,A,1.0,
개인_SELL,1071,4.634309197203308,8.561465630125431,53.163444639718804,56.209150326797385,2.7203482045701888,24.718116111093856,181.0133954571928,-43.63143631436315,OOS,A,1.0,
외국인_BUY,1020,4.5820155783732,8.303606567508012,52.490774907749085,55.490196078431374,2.574001334203535,24.72367656927678,181.0133954571928,-43.63143631436315,OOS,A,1.0,
외국인_SELL,349,5.6104012318733085,9.49406752208327,53.551912568306015,55.873925501432666,2.2222222222222143,30.011016733279792,260.7361963190184,-38.68544600938967,OOS,A,1.0,
금융투자_BUY,758,4.444266325218204,8.656306147100713,51.358024691358025,55.54089709762533,2.6649057016063904,24.753270496577585,139.65802537231107,-36.61538461538461,OOS,A,1.0,
금융투자_SELL,611,5.344462522492867,8.546036341346799,54.53125,55.646481178396066,2.368866328257191,27.841360502331124,260.7361963190184,-43.63143631436315,OOS,A,1.0,
연기금_BUY,866,3.5322012863865457,6.926922146680824,53.2972972972973,54.84988452655889,1.8190169002091694,23.59789259035568,181.0133954571928,-43.63143631436315,OOS,A,1.0,
연기금_SELL,503,7.148620091265951,11.499788638249782,51.8095238095238,56.85884691848907,3.688092729188619,29.884728932471717,260.7361963190184,-37.945879458794586,OOS,A,1.0,
개인_BUY & 외국인_BUY,23,3.2487615833547,3.2917844187601064,43.47826086956522,47.82608695652174,-0.066312997347484,23.296331637533147,71.71717171717171,-26.50753768844221,OOS,A,2.0,
개인_BUY & 외국인_SELL,275,5.784589463625111,9.229336482070602,51.903114186851205,53.81818181818182,1.773049645390068,31.40389958756996,260.7361963190184,-37.945879458794586,OOS,A,2.0,
개인_SELL & 외국인_BUY,997,4.610917408613941,8.41922533322637,52.68614514608859,55.667001003009034,2.6604068857589924,24.75468511060772,181.0133954571928,-43.63143631436315,OOS,A,2.0,
개인_SELL & 외국인_SELL,74,4.956629816597065,10.477865305914138,59.74025974025974,63.51351351351351,5.933548611372874,24.303737884153907,139.65802537231107,-38.68544600938967,OOS,A,2.0,
개인_BUY & 금융투자_BUY,116,7.156536711161027,10.745030060985663,56.19834710743802,55.172413793103445,1.7664900888585189,30.5118792470122,120.34383954154724,-36.61538461538461,OOS,A,2.0,
개인_BUY & 금융투자_SELL,182,4.610088635362987,7.512940039156929,48.167539267015705,52.197802197802204,0.38961859055317566,31.103645535644993,260.7361963190184,-37.945879458794586,OOS,A,2.0,
개인_SELL & 금융투자_BUY,642,3.9679459816781715,8.278904318423683,50.50798258345428,55.60747663551402,2.793918918918925,23.572265803596608,139.65802537231107,-35.520833333333336,OOS,A,2.0,
개인_SELL & 금융투자_SELL,429,5.656857650425622,8.984319621063714,57.23830734966593,57.10955710955711,2.659574468085113,26.362565402321845,181.0133954571928,-43.63143631436315,OOS,A,2.0,
개인_BUY & 연기금_BUY,151,1.7190011157683256,4.953932588477989,46.875,50.993377483443716,0.2392344497607723,24.109706296701205,120.34383954154724,-27.3356401384083,OOS,A,2.0,
개인_BUY & 연기금_SELL,147,9.680445347907122,12.692073151977699,55.92105263157895,55.78231292517006,3.891402714932135,36.19357933768295,260.7361963190184,-37.945879458794586,OOS,A,2.0,
개인_SELL & 연기금_BUY,715,3.911432694620422,7.343595465965619,54.64052287581699,55.66433566433566,2.319574702843674,23.484327573807413,181.0133954571928,-43.63143631436315,OOS,A,2.0,
개인_SELL & 연기금_SELL,356,6.116884329846493,11.007468909266626,50.134048257372655,57.30337078651685,3.6237073815434617,26.89484348349547,113.43459473615296,-31.97353914002205,OOS,A,2.0,
외국인_BUY & 금융투자_BUY,585,3.8133381238638986,7.794333867566414,49.603803486529316,54.52991452991453,2.4868123587038493,23.336816006655837,113.3518776077886,-35.520833333333336,OOS,A,2.0,
외국인_BUY & 금융투자_SELL,435,5.652734063572691,8.98849054329154,56.5121412803532,56.7816091954023,2.659574468085113,26.486579547537897,181.0133954571928,-43.63143631436315,OOS,A,2.0,
외국인_SELL & 금융투자_BUY,173,6.668376353456005,11.571067901595304,57.54189944134078,58.95953757225434,4.316546762589923,28.922255602113516,139.65802537231107,-36.61538461538461,OOS,A,2.0,
외국인_SELL & 금융투자_SELL,176,4.597687078058855,7.4524705581311,49.73262032085562,52.84090909090909,1.0734407105455035,30.990571040977148,260.7361963190184,-38.68544600938967,OOS,A,2.0,
외국인_BUY & 연기금_BUY,653,3.8292693087558565,7.09117930607302,54.0,54.97702909647779,2.229654403567438,23.425552991857483,181.0133954571928,-43.63143631436315,OOS,A,2.0,
외국인_BUY & 연기금_SELL,367,5.9542092990298165,10.460868152568096,49.73958333333333,56.403269754768395,3.112840466926059,26.776602311374955,113.43459473615296,-31.97353914002205,OOS,A,2.0,
외국인_SELL & 연기금_BUY,213,2.60798966123758,6.423354423285974,51.11111111111111,54.460093896713616,1.2027491408934663,24.167601907413264,139.65802537231107,-38.68544600938967,OOS,A,2.0,
외국인_SELL & 연기금_SELL,136,10.401483525440957,14.303346125346687,57.446808510638306,58.08823529411765,4.655395314760835,36.96370564099495,260.7361963190184,-37.945879458794586,OOS,A,2.0,
금융투자_BUY & 연기금_BUY,500,2.9456610915100323,6.943024768452913,51.11524163568774,54.2,1.6407191216637362,22.782588732289213,139.65802537231107,-35.520833333333336,OOS,A,2.0,
금융투자_BUY & 연기금_SELL,258,7.408419324243924,11.976618896418154,51.83823529411765,58.139534883720934,4.416090566326991,27.9323990189379,116.259298618491,-36.61538461538461,OOS,A,2.0,
금융투자_SELL & 연기금_BUY,366,4.347598249806609,6.904924029505839,56.33074935400517,55.73770491803278,1.8683353610534637,24.699837913992784,181.0133954571928,-43.63143631436315,OOS,A,2.0,
금융투자_SELL & 연기금_SELL,245,6.869310243953663,10.99765718270921,51.77865612648221,55.51020408163265,3.082191780821919,31.861509395699162,260.7361963190184,-37.945879458794586,OOS,A,2.0,
개인_BUY & 외국인_BUY & 금융투자_SELL,22,3.6769574788324046,3.7885011315945807,45.45454545454545,50.0,0.16954620402896414,23.719567348789536,71.71717171717171,-26.50753768844221,OOS,A,3.0,
개인_BUY & 외국인_SELL & 금융투자_BUY,115,7.267604084730326,10.904864959460307,56.666666666666664,55.65217391304348,2.029220779220786,30.59659704274432,120.34383954154724,-36.61538461538461,OOS,A,3.0,
개인_BUY & 외국인_SELL & 금융투자_SELL,160,4.731561330295962,8.025050388946752,48.5207100591716,52.5,1.0734407105455035,32.012570868082165,260.7361963190184,-37.945879458794586,OOS,A,3.0,
개인_SELL & 외국인_BUY & 금융투자_BUY,584,3.829187149643294,7.820755643475943,49.682539682539684,54.62328767123288,2.556055344029729,23.348062705442047,113.3518776077886,-35.520833333333336,OOS,A,3.0,
개인_SELL & 외국인_BUY & 금융투자_SELL,413,5.753585768594236,9.265487557958206,57.076566125290014,57.14285714285714,2.9515285599356345,26.623331780033503,181.0133954571928,-43.63143631436315,OOS,A,3.0,
개인_SELL & 외국인_SELL & 금융투자_BUY,58,5.449608086457383,12.891987528242284,59.32203389830508,65.51724137931035,8.10779763226236,25.4792388226515,139.65802537231107,-18.452380952380956,OOS,A,3.0,
개인_SELL & 외국인_SELL & 금융투자_SELL,16,3.340756598721579,1.7266722499746017,61.111111111111114,56.25,1.051753126419008,17.41982240034735,31.29102844638949,-38.68544600938967,OOS,A,3.0,
개인_BUY & 외국인_BUY & 연기금_SELL,17,5.2440357533548,3.2779192525629113,41.17647058823529,41.17647058823529,-0.1883239171374784,25.054715173171438,71.71717171717171,-25.857519788918204,OOS,A,3.0,
개인_BUY & 외국인_SELL & 연기금_BUY,145,1.8796575968364,5.021085562222507,46.75324675324675,50.3448275862069,0.1843872885661124,24.335508997421535,120.34383954154724,-27.3356401384083,OOS,A,3.0,
개인_BUY & 외국인_SELL & 연기금_SELL,130,10.239104333887786,13.923154815747324,57.77777777777777,57.692307692307686,4.388242528899855,37.30337463704934,260.7361963190184,-37.945879458794586,OOS,A,3.0,
개인_SELL & 외국인_BUY & 연기금_BUY,647,3.883163699595062,7.12604895290227,54.03458213256484,54.86862442040186,2.201834862385321,23.46882707221232,181.0133954571928,-43.63143631436315,OOS,A,3.0,
개인_SELL & 외국인_BUY & 연기금_SELL,350,5.9871056213090394,10.809754241996918,50.13623978201635,57.14285714285714,3.553703967462696,26.84207771439651,113.43459473615296,-31.97353914002205,OOS,A,3.0,
개인_SELL & 외국인_SELL & 연기금_BUY,68,4.187752167121832,9.413486553494838,60.56338028169014,63.23529411764706,4.689376399458734,23.705633187927877,139.65802537231107,-38.68544600938967,OOS,A,3.0,
개인_BUY & 금융투자_BUY & 연기금_BUY,61,4.092961102493505,9.743841768653844,53.03030303030303,52.459016393442624,1.2499999999999956,31.137269742403838,120.34383954154724,-27.3356401384083,OOS,A,3.0,
개인_BUY & 금융투자_BUY & 연기금_SELL,55,10.832827441562056,11.85543889429914,60.0,58.18181818181818,4.901117798796206,30.049762629239574,116.259298618491,-36.61538461538461,OOS,A,3.0,
개인_BUY & 금융투자_SELL & 연기금_BUY,90,0.05217814636553891,1.7074385885810215,42.5531914893617,50.0,0.026143446132459447,17.311360338627495,63.568773234200734,-26.50753768844221,OOS,A,3.0,
개인_BUY & 금융투자_SELL & 연기금_SELL,92,9.027032820577007,13.192234936459444,53.608247422680414,54.347826086956516,3.2656789254655982,39.56265025940407,260.7361963190184,-37.945879458794586,OOS,A,3.0,
개인_SELL & 금융투자_BUY & 연기금_BUY,439,2.7852335476013264,6.553845185281486,50.847457627118644,54.441913439635535,2.1594684385382035,21.384037057608776,139.65802537231107,-35.520833333333336,OOS,A,3.0,
개인_SELL & 금융투자_BUY & 연기금_SELL,203,6.540481782988178,12.009450916696704,49.76958525345622,58.128078817733986,4.329371816638372,27.409063871610435,101.60550458715596,-31.97353914002205,OOS,A,3.0,
개인_SELL & 금융투자_SELL & 연기금_BUY,276,5.725651115756987,8.599756238503062,60.75085324232082,57.608695652173914,2.586930091185413,26.4770279893792,181.0133954571928,-43.63143631436315,OOS,A,3.0,
개인_SELL & 금융투자_SELL & 연기금_SELL,153,5.527649411053251,9.678041801369204,50.641025641025635,56.209150326797385,2.8288543140028377,26.227119227918667,113.43459473615296,-27.03448275862069,OOS,A,3.0,
외국인_BUY & 금융투자_BUY & 연기금_BUY,387,2.571440213315428,5.851802859691259,49.64200477326969,52.97157622739018,1.5308911973756167,20.78847261806632,113.3518776077886,-35.520833333333336,OOS,A,3.0,
외국인_BUY & 금융투자_BUY & 연기금_SELL,198,6.267843899900734,11.5910990193224,49.528301886792455,57.57575757575758,4.03416121895429,27.309275629977183,101.60550458715596,-31.97353914002205,OOS,A,3.0,
외국인_BUY & 금융투자_SELL & 연기금_BUY,266,5.704822301601194,8.894332256260016,60.4982206405694,57.89473684210527,3.3345643367129973,26.742373661417904,181.0133954571928,-43.63143631436315,OOS,A,3.0,
외국인_BUY & 금융투자_SELL & 연기금_SELL,169,5.5676364188865906,9.136692344181395,50.0,55.02958579881657,2.3316062176165886,26.157246019449197,113.43459473615296,-27.03448275862069,OOS,A,3.0,
외국인_SELL & 금융투자_BUY & 연기금_BUY,113,4.263295948346496,10.680218385185308,56.30252100840336,58.4070796460177,2.029220779220786,28.3711192033522,139.65802537231107,-27.3356401384083,OOS,A,3.0,
외국인_SELL & 금융투자_BUY & 연기금_SELL,60,11.43845249025653,13.248834490834136,60.0,60.0,8.110496412413736,30.10372009427574,116.259298618491,-36.61538461538461,OOS,A,3.0,
외국인_SELL & 금융투자_SELL & 연기금_BUY,100,0.7496741125020995,1.6130981463397256,45.28301886792453,50.0,0.026143446132459447,17.206667026797916,63.568773234200734,-38.68544600938967,OOS,A,3.0,
외국인_SELL & 금융투자_SELL & 연기금_SELL,76,9.633358366318314,15.13585531048817,55.55555555555556,56.57894736842105,4.1291074710031905,41.77166507167546,260.7361963190184,-37.945879458794586,OOS,A,3.0,
개인_BUY & 외국인_BUY & 금융투자_SELL & 연기금_SELL,16,5.95750974526165,3.960038159822988,43.75,43.75,-0.1273184572424812,25.71285306501973,71.71717171717171,-25.857519788918204,OOS,A,4.0,
개인_BUY & 외국인_SELL & 금융투자_BUY & 연기금_BUY,61,4.092961102493505,9.743841768653844,53.03030303030303,52.459016393442624,1.2499999999999956,31.137269742403838,120.34383954154724,-27.3356401384083,OOS,A,4.0,
개인_BUY & 외국인_SELL & 금융투자_BUY & 연기금_SELL,54,11.147723285241998,12.216391156482429,61.111111111111114,59.25925925925925,6.633068405101527,30.21133538026474,116.259298618491,-36.61538461538461,OOS,A,4.0,
개인_BUY & 외국인_SELL & 금융투자_SELL & 연기금_BUY,84,0.21967996759356997,1.5914649837426074,42.04545454545455,48.80952380952381,-0.5825791237704325,17.271353378068092,63.568773234200734,-26.127659574468087,OOS,A,4.0,
개인_BUY & 외국인_SELL & 금융투자_SELL & 연기금_SELL,76,9.633358366318314,15.13585531048817,55.55555555555556,56.57894736842105,4.1291074710031905,41.77166507167546,260.7361963190184,-37.945879458794586,OOS,A,4.0,
개인_SELL & 외국인_BUY & 금융투자_BUY & 연기금_BUY,387,2.571440213315428,5.851802859691259,49.64200477326969,52.97157622739018,1.5308911973756167,20.78847261806632,113.3518776077886,-35.520833333333336,OOS,A,4.0,
개인_SELL & 외국인_BUY & 금융투자_BUY & 연기금_SELL,197,6.3267983644365415,11.688698421773775,49.763033175355446,57.868020304568525,4.04234841193456,27.344211811088435,101.60550458715596,-31.97353914002205,OOS,A,4.0,
개인_SELL & 외국인_BUY & 금융투자_SELL & 연기금_BUY,260,5.881753302326577,9.022715253181737,60.72727272727273,57.692307692307686,3.2682171101565016,26.901076022883327,181.0133954571928,-43.63143631436315,OOS,A,4.0,
개인_SELL & 외국인_BUY & 금융투자_SELL & 연기금_SELL,153,5.527649411053251,9.678041801369204,50.641025641025635,56.209150326797385,2.8288543140028377,26.227119227918667,113.43459473615296,-27.03448275862069,OOS,A,4.0,
개인_SELL & 외국인_SELL & 금융투자_BUY & 연기금_BUY,52,4.475411039408709,11.778660185347217,60.37735849056604,65.38461538461539,7.674434381466022,24.995326850754214,139.65802537231107,-18.452380952380956,OOS,A,4.0,
개인_SELL & 외국인_SELL & 금융투자_SELL & 연기금_BUY,16,3.340756598721579,1.7266722499746017,61.111111111111114,56.25,1.051753126419008,17.41982240034735,31.29102844638949,-38.68544600938967,OOS,A,4.0,
Smart_Alignment,653,3.8292693087558565,7.09117930607302,54.0,54.97702909647779,2.229654403567438,23.425552991857483,181.0133954571928,-43.63143631436315,OOS,B,,외국인 BUY AND 연기금 BUY
Retail_Exhaustion,1071,4.634309197203308,8.561465630125431,53.163444639718804,56.209150326797385,2.7203482045701888,24.718116111093856,181.0133954571928,-43.63143631436315,OOS,B,,개인 SELL (투매)
Handover,1065,4.584376125799506,8.482708678745858,53.18021201413428,56.15023474178403,2.6694045174537884,24.67947361883707,181.0133954571928,-43.63143631436315,OOS,B,,개인 SELL AND (외국인 OR 연기금 BUY)
Foreigner_Extreme_Buy,658,4.212655754814318,8.058466597178214,52.07439198855508,54.7112462006079,2.3255904602301314,25.00544395032047,181.0133954571928,-43.63143631436315,OOS,C,,외국인 Z > 2.0 (2시그마 폭매수)
Retail_Extreme_Sell,710,4.182267650815864,8.0559671175492,53.026315789473685,55.774647887323944,2.6599906769220527,24.42615316695021,181.0133954571928,-43.63143631436315,OOS,C,,개인 Z < -2.0 (2시그마 투매)
Foreigner_OR_Retail_Extreme,745,4.089008750602302,7.8239276614956665,52.76381909547738,55.302013422818796,2.3809523809523725,24.113575520835706,181.0133954571928,-43.63143631436315,OOS,C,,외국인 Z > 2.0 OR 개인 Z < -2.0
Institution_Extreme_Buy,242,3.4625078131798803,6.142275587698617,47.47081712062256,49.586776859504134,-0.1699009639811677,24.32775407272153,139.65802537231107,-28.260869565217394,OOS,C,,금융투자 Z > 2.0 (기관 폭매수)
Smart_Money_Extreme,845,4.019932589467304,7.863182918439778,53.00668151447662,55.739644970414204,2.3809523809523725,24.106185802614,181.0133954571928,-43.63143631436315,OOS,C,,(외국인 Z > 1.5 OR 연기금 Z > 1.5) AND 개인 Z < -1.0
Foreigner_Moderate,820,4.150127116111184,7.5234436652366625,51.317296678121416,54.63414634146342,2.2171199707431533,24.05767944140826,181.0133954571928,-43.63143631436315,OOS,C,,외국인 Z > 1.0 (1시그마 이상)
Retail_Moderate_Sell,895,4.096121837346911,7.471769336831118,52.3109243697479,55.19553072625698,2.229654403567438,23.867137757108246,181.0133954571928,-43.63143631436315,OOS,C,,개인 Z < -1.0 (1시그마 이상 매도)
